month,region,product_id,customer_id,volume_sold,net_price_usd_per_mt
2023-01-01,NA,P100,CUST_002,6079.74,2423.59
2023-01-01,NA,P100,CUST_003,1096.46,2451.25
2023-01-01,NA,P100,CUST_006,1221.78,2457.5
2023-01-01,NA,P100,CUST_010,2995.3,2494.03
2023-01-01,NA,P100,CUST_011,2402.89,2555.99
2023-01-01,NA,P100,CUST_013,940.31,2626.63
2023-01-01,NA,P100,CUST_014,2037.39,2515.84
2023-01-01,NA,P100,CUST_015,2531.51,2580.33
2023-01-01,NA,P100,CUST_017,1046.84,2581.74
2023-01-01,NA,P100,CUST_018,3041.85,2467.59
2023-01-01,NA,P100,CUST_026,1597.49,2554.14
2023-01-01,NA,P100,CUST_027,2429.69,2516.52
2023-01-01,NA,P100,CUST_028,2283.16,2578.1
2023-01-01,NA,P100,CUST_029,1702.19,2499.95
2023-01-01,NA,P100,CUST_032,82.05,2470.83
2023-01-01,NA,P100,CUST_033,872.68,2501.05
2023-01-01,NA,P100,CUST_035,1674.79,2558.14
2023-01-01,NA,P100,CUST_036,227.44,2416.18
2023-01-01,NA,P100,CUST_037,548.42,2527.11
2023-01-01,NA,P100,CUST_034,835.01,2489.91
2023-01-01,NA,P100,CUST_039,2246.62,2433.87
2023-01-01,NA,P100,CUST_022,5351.18,2488.41
2023-01-01,NA,P200,CUST_002,110.48,2125.41
2023-01-01,NA,P200,CUST_003,469.2,2067.73
2023-01-01,NA,P200,CUST_006,241.33,2151.89
2023-01-01,NA,P200,CUST_010,194.04,2132.35
2023-01-01,NA,P200,CUST_011,320.2,2106.95
2023-01-01,NA,P200,CUST_013,34.78,2066.29
2023-01-01,NA,P200,CUST_014,1409.41,2134.11
2023-01-01,NA,P200,CUST_015,697.39,2156.11
2023-01-01,NA,P200,CUST_017,715.95,2139.8
2023-01-01,NA,P200,CUST_018,1531.33,2119.47
2023-01-01,NA,P200,CUST_027,4257.73,2124.93
2023-01-01,NA,P200,CUST_028,20.64,2058.84
2023-01-01,NA,P200,CUST_029,0.21,2135.3
2023-01-01,NA,P200,CUST_032,516.61,2097.35
2023-01-01,NA,P200,CUST_033,390.12,2022.89
2023-01-01,NA,P200,CUST_035,1528.37,2030.7
2023-01-01,NA,P200,CUST_036,512.43,2079.12
2023-01-01,NA,P200,CUST_037,507.34,2054.75
2023-01-01,NA,P200,CUST_016,982.79,2134.03
2023-01-01,NA,P200,CUST_007,1765.74,2114.28
2023-01-01,EMEA,P100,CUST_004,832.62,2372.71
2023-01-01,EMEA,P100,CUST_005,4390.22,2394.51
2023-01-01,EMEA,P100,CUST_009,1733.52,2397.74
2023-01-01,EMEA,P100,CUST_012,132.84,2467.57
2023-01-01,EMEA,P100,CUST_016,3101.49,2385.81
2023-01-01,EMEA,P100,CUST_020,1923.53,2294.46
2023-01-01,EMEA,P100,CUST_021,2113.06,2332.25
2023-01-01,EMEA,P100,CUST_023,474.13,2338.35
2023-01-01,EMEA,P100,CUST_024,1751.03,2356.84
2023-01-01,EMEA,P100,CUST_025,855.01,2381.93
2023-01-01,EMEA,P100,CUST_030,5208.92,2371.36
2023-01-01,EMEA,P100,CUST_034,315.26,2391.57
2023-01-01,EMEA,P100,CUST_040,2693.92,2350.43
2023-01-01,EMEA,P100,CUST_033,1850.7,2352.74
2023-01-01,EMEA,P100,CUST_018,148.3,2353.28
2023-01-01,EMEA,P100,CUST_011,2603.38,2280.5
2023-01-01,EMEA,P200,CUST_004,1901.61,2026.14
2023-01-01,EMEA,P200,CUST_005,21.18,1926.25
2023-01-01,EMEA,P200,CUST_009,1171.02,2060.93
2023-01-01,EMEA,P200,CUST_012,1141.88,2065.84
2023-01-01,EMEA,P200,CUST_016,380.9,1989.52
2023-01-01,EMEA,P200,CUST_020,333.16,2018.12
2023-01-01,EMEA,P200,CUST_021,3768.72,1963.29
2023-01-01,EMEA,P200,CUST_023,200.45,2018.48
2023-01-01,EMEA,P200,CUST_024,76.86,2081.69
2023-01-01,EMEA,P200,CUST_025,20.03,2006.55
2023-01-01,EMEA,P200,CUST_030,1094.92,2047.77
2023-01-01,EMEA,P200,CUST_034,1025.67,1978.42
2023-01-01,EMEA,P200,CUST_040,473.27,1967.8
2023-01-01,EMEA,P200,CUST_011,66.51,2030.39
2023-01-01,EMEA,P200,CUST_036,211.28,2028.65
2023-01-01,EMEA,P200,CUST_013,0.34,1983.94
2023-01-01,APAC,P100,CUST_007,993.48,2266.37
2023-01-01,APAC,P100,CUST_022,1413.29,2318.37
2023-01-01,APAC,P100,CUST_038,3101.98,2246.07
2023-01-01,APAC,P100,CUST_039,2863.92,2245.09
2023-01-01,APAC,P100,CUST_014,4560.67,2205.48
2023-01-01,APAC,P100,CUST_024,3561.72,2191.23
2023-01-01,APAC,P200,CUST_007,334.34,1946.88
2023-01-01,APAC,P200,CUST_022,1086.4,1940.38
2023-01-01,APAC,P200,CUST_038,114.43,1956.22
2023-01-01,APAC,P200,CUST_039,16.52,1988.08
2023-01-01,APAC,P200,CUST_010,1547.88,1951.73
2023-01-01,APAC,P200,CUST_003,477.17,1943.09
2023-01-01,APAC,P200,CUST_020,4776.19,1967.43
2023-02-01,NA,P100,CUST_002,473.06,2455.86
2023-02-01,NA,P100,CUST_003,2669.03,2511.15
2023-02-01,NA,P100,CUST_006,3341.76,2448.32
2023-02-01,NA,P100,CUST_010,2169.23,2534.54
2023-02-01,NA,P100,CUST_011,1124.44,2477.96
2023-02-01,NA,P100,CUST_013,1219.74,2462.53
2023-02-01,NA,P100,CUST_014,4234.44,2411.67
2023-02-01,NA,P100,CUST_015,1074.93,2453.2
2023-02-01,NA,P100,CUST_017,3895.62,2465.83
2023-02-01,NA,P100,CUST_018,1185.31,2507.49
2023-02-01,NA,P100,CUST_026,312.04,2470.52
2023-02-01,NA,P100,CUST_027,2003.91,2424.95
2023-02-01,NA,P100,CUST_028,3447.95,2417.79
2023-02-01,NA,P100,CUST_029,1784.4,2600.08
2023-02-01,NA,P100,CUST_032,434.81,2395.62
2023-02-01,NA,P100,CUST_033,299.76,2411.69
2023-02-01,NA,P100,CUST_035,298.22,2475.29
2023-02-01,NA,P100,CUST_036,2219.87,2526.65
2023-02-01,NA,P100,CUST_037,2925.68,2485.83
2023-02-01,NA,P100,CUST_022,1211.12,2537.41
2023-02-01,NA,P200,CUST_002,1172.71,2119.03
2023-02-01,NA,P200,CUST_003,1170.5,2063.2
2023-02-01,NA,P200,CUST_006,207.64,2089.07
2023-02-01,NA,P200,CUST_010,573.98,2092.14
2023-02-01,NA,P200,CUST_011,188.5,2155.8
2023-02-01,NA,P200,CUST_013,55.14,2149.34
2023-02-01,NA,P200,CUST_014,455.34,2084.13
2023-02-01,NA,P200,CUST_015,799.26,2082.37
2023-02-01,NA,P200,CUST_017,644.82,2189.86
2023-02-01,NA,P200,CUST_018,1827.13,2043.51
2023-02-01,NA,P200,CUST_026,703.49,2068.45
2023-02-01,NA,P200,CUST_027,1101.49,2086.94
2023-02-01,NA,P200,CUST_028,393.11,2129.95
2023-02-01,NA,P200,CUST_029,138.75,2087.41
2023-02-01,NA,P200,CUST_032,189.51,2048.91
2023-02-01,NA,P200,CUST_033,2235.92,2048.19
2023-02-01,NA,P200,CUST_035,699.39,2166.68
2023-02-01,NA,P200,CUST_036,1480.18,2143.83
2023-02-01,NA,P200,CUST_037,249.93,2113.74
2023-02-01,NA,P200,CUST_024,411.94,2101.07
2023-02-01,NA,P200,CUST_005,42.21,2077.74
2023-02-01,NA,P200,CUST_020,252.49,2117.97
2023-02-01,EMEA,P100,CUST_004,1349.29,2386.32
2023-02-01,EMEA,P100,CUST_005,2027.56,2362.78
2023-02-01,EMEA,P100,CUST_009,968.85,2315.44
2023-02-01,EMEA,P100,CUST_012,2059.65,2355.53
2023-02-01,EMEA,P100,CUST_016,320.22,2390.13
2023-02-01,EMEA,P100,CUST_020,3006.52,2318.69
2023-02-01,EMEA,P100,CUST_021,1412.62,2369.84
2023-02-01,EMEA,P100,CUST_023,1750.87,2416.86
2023-02-01,EMEA,P100,CUST_024,2351.22,2379.17
2023-02-01,EMEA,P100,CUST_025,3600.0,2308.06
2023-02-01,EMEA,P100,CUST_030,641.3,2407.16
2023-02-01,EMEA,P100,CUST_034,1192.41,2439.29
2023-02-01,EMEA,P100,CUST_040,3158.18,2376.17
2023-02-01,EMEA,P100,CUST_015,7502.0,2395.82
2023-02-01,EMEA,P100,CUST_036,529.91,2286.46
2023-02-01,EMEA,P100,CUST_037,821.55,2335.28
2023-02-01,EMEA,P200,CUST_004,133.34,1955.39
2023-02-01,EMEA,P200,CUST_005,10.67,1987.35
2023-02-01,EMEA,P200,CUST_009,242.92,1936.81
2023-02-01,EMEA,P200,CUST_012,100.66,1975.43
2023-02-01,EMEA,P200,CUST_016,49.81,1984.01
2023-02-01,EMEA,P200,CUST_020,2280.62,2012.91
2023-02-01,EMEA,P200,CUST_021,208.53,2047.53
2023-02-01,EMEA,P200,CUST_023,809.69,2019.8
2023-02-01,EMEA,P200,CUST_024,851.64,2058.55
2023-02-01,EMEA,P200,CUST_025,24.44,1993.98
2023-02-01,EMEA,P200,CUST_030,1872.57,2069.85
2023-02-01,EMEA,P200,CUST_034,1172.56,1943.39
2023-02-01,EMEA,P200,CUST_040,447.48,2029.35
2023-02-01,EMEA,P200,CUST_003,21.76,1960.65
2023-02-01,EMEA,P200,CUST_037,2147.36,2032.83
2023-02-01,EMEA,P200,CUST_006,2023.0,1999.21
2023-02-01,APAC,P100,CUST_007,838.5,2319.21
2023-02-01,APAC,P100,CUST_022,1804.8,2247.72
2023-02-01,APAC,P100,CUST_038,2713.05,2204.99
2023-02-01,APAC,P100,CUST_039,3620.91,2164.21
2023-02-01,APAC,P100,CUST_011,1030.44,2226.67
2023-02-01,APAC,P100,CUST_002,213.51,2207.57
2023-02-01,APAC,P100,CUST_014,3532.63,2315.41
2023-02-01,APAC,P200,CUST_007,222.46,1946.86
2023-02-01,APAC,P200,CUST_022,842.2,1959.4
2023-02-01,APAC,P200,CUST_038,3538.53,1923.0
2023-02-01,APAC,P200,CUST_039,464.55,1969.14
2023-02-01,APAC,P200,CUST_032,1262.79,1914.25
2023-02-01,APAC,P200,CUST_037,1045.83,1963.51
2023-02-01,APAC,P200,CUST_029,129.21,1910.84
2023-03-01,NA,P100,CUST_002,2273.74,2517.27
2023-03-01,NA,P100,CUST_003,1162.35,2600.53
2023-03-01,NA,P100,CUST_006,5155.5,2578.86
2023-03-01,NA,P100,CUST_010,3734.11,2460.46
2023-03-01,NA,P100,CUST_011,660.6,2448.3
2023-03-01,NA,P100,CUST_013,1648.59,2563.49
2023-03-01,NA,P100,CUST_014,3393.16,2564.37
2023-03-01,NA,P100,CUST_015,2450.99,2468.78
2023-03-01,NA,P100,CUST_017,2081.5,2458.01
2023-03-01,NA,P100,CUST_018,2050.63,2519.05
2023-03-01,NA,P100,CUST_026,2346.61,2520.35
2023-03-01,NA,P100,CUST_027,478.54,2490.2
2023-03-01,NA,P100,CUST_028,1175.68,2527.06
2023-03-01,NA,P100,CUST_029,2148.56,2463.73
2023-03-01,NA,P100,CUST_032,795.21,2454.03
2023-03-01,NA,P100,CUST_033,3912.89,2475.29
2023-03-01,NA,P100,CUST_035,1582.38,2500.33
2023-03-01,NA,P100,CUST_036,417.73,2505.62
2023-03-01,NA,P100,CUST_037,1113.69,2432.86
2023-03-01,NA,P100,CUST_025,1655.03,2480.0
2023-03-01,NA,P100,CUST_039,1654.78,2551.62
2023-03-01,NA,P100,CUST_038,1275.24,2488.53
2023-03-01,NA,P200,CUST_002,2148.45,2100.67
2023-03-01,NA,P200,CUST_003,265.66,2048.18
2023-03-01,NA,P200,CUST_006,90.46,2149.81
2023-03-01,NA,P200,CUST_010,1060.37,2105.23
2023-03-01,NA,P200,CUST_011,602.27,2063.72
2023-03-01,NA,P200,CUST_013,565.96,2061.14
2023-03-01,NA,P200,CUST_014,1362.34,2093.99
2023-03-01,NA,P200,CUST_015,43.19,2099.07
2023-03-01,NA,P200,CUST_017,1026.82,2111.78
2023-03-01,NA,P200,CUST_018,1208.82,2075.94
2023-03-01,NA,P200,CUST_026,27.41,2069.86
2023-03-01,NA,P200,CUST_027,2211.57,2104.86
2023-03-01,NA,P200,CUST_028,4.86,2022.37
2023-03-01,NA,P200,CUST_029,1.22,2030.11
2023-03-01,NA,P200,CUST_032,1208.61,2108.58
2023-03-01,NA,P200,CUST_033,2280.88,2125.74
2023-03-01,NA,P200,CUST_035,282.47,2061.26
2023-03-01,NA,P200,CUST_036,661.7,2145.58
2023-03-01,NA,P200,CUST_037,358.73,2115.06
2023-03-01,NA,P200,CUST_020,2133.62,2080.77
2023-03-01,NA,P200,CUST_040,36.61,2138.38
2023-03-01,NA,P200,CUST_025,1246.3,2109.76
2023-03-01,EMEA,P100,CUST_004,1271.76,2336.23
2023-03-01,EMEA,P100,CUST_005,2758.69,2353.21
2023-03-01,EMEA,P100,CUST_009,1320.12,2367.96
2023-03-01,EMEA,P100,CUST_012,5856.08,2385.19
2023-03-01,EMEA,P100,CUST_016,1343.74,2457.61
2023-03-01,EMEA,P100,CUST_020,504.62,2248.39
2023-03-01,EMEA,P100,CUST_021,2274.97,2251.4
2023-03-01,EMEA,P100,CUST_023,312.99,2416.37
2023-03-01,EMEA,P100,CUST_024,2504.43,2348.2
2023-03-01,EMEA,P100,CUST_025,1281.55,2471.96
2023-03-01,EMEA,P100,CUST_030,4455.32,2404.35
2023-03-01,EMEA,P100,CUST_034,383.59,2398.67
2023-03-01,EMEA,P100,CUST_040,631.11,2423.6
2023-03-01,EMEA,P100,CUST_003,938.25,2336.07
2023-03-01,EMEA,P100,CUST_002,1694.93,2311.81
2023-03-01,EMEA,P100,CUST_006,3972.56,2305.29
2023-03-01,EMEA,P200,CUST_004,25.66,1987.91
2023-03-01,EMEA,P200,CUST_005,25.26,2017.21
2023-03-01,EMEA,P200,CUST_009,291.38,1991.69
2023-03-01,EMEA,P200,CUST_012,440.58,2016.21
2023-03-01,EMEA,P200,CUST_016,1704.28,1950.4
2023-03-01,EMEA,P200,CUST_020,870.96,2040.37
2023-03-01,EMEA,P200,CUST_021,61.41,1964.37
2023-03-01,EMEA,P200,CUST_023,295.0,1966.51
2023-03-01,EMEA,P200,CUST_024,1873.47,2114.13
2023-03-01,EMEA,P200,CUST_025,1621.84,2001.76
2023-03-01,EMEA,P200,CUST_030,2832.1,1992.96
2023-03-01,EMEA,P200,CUST_034,997.79,2012.96
2023-03-01,EMEA,P200,CUST_040,314.68,2012.59
2023-03-01,EMEA,P200,CUST_029,175.01,2081.78
2023-03-01,EMEA,P200,CUST_002,734.15,2081.21
2023-03-01,EMEA,P200,CUST_038,1807.28,1998.07
2023-03-01,APAC,P100,CUST_007,7147.04,2182.46
2023-03-01,APAC,P100,CUST_022,1973.68,2228.4
2023-03-01,APAC,P100,CUST_038,5523.77,2253.32
2023-03-01,APAC,P100,CUST_039,2255.42,2218.31
2023-03-01,APAC,P100,CUST_005,3004.18,2239.0
2023-03-01,APAC,P100,CUST_032,675.2,2180.61
2023-03-01,APAC,P200,CUST_007,1067.3,2007.46
2023-03-01,APAC,P200,CUST_022,2732.36,1918.96
2023-03-01,APAC,P200,CUST_038,825.88,1929.39
2023-03-01,APAC,P200,CUST_039,86.71,1991.92
2023-03-01,APAC,P200,CUST_010,3182.42,1928.45
2023-03-01,APAC,P200,CUST_021,732.74,1926.57
2023-03-01,APAC,P200,CUST_020,1049.01,1877.73
2023-04-01,NA,P100,CUST_002,3833.91,2566.11
2023-04-01,NA,P100,CUST_003,1754.67,2495.03
2023-04-01,NA,P100,CUST_006,1399.69,2577.89
2023-04-01,NA,P100,CUST_010,2757.98,2520.74
2023-04-01,NA,P100,CUST_011,1545.63,2497.39
2023-04-01,NA,P100,CUST_013,6350.46,2426.8
2023-04-01,NA,P100,CUST_014,1150.85,2458.95
2023-04-01,NA,P100,CUST_015,196.9,2461.59
2023-04-01,NA,P100,CUST_017,3303.98,2519.88
2023-04-01,NA,P100,CUST_018,1244.9,2531.47
2023-04-01,NA,P100,CUST_026,287.92,2602.7
2023-04-01,NA,P100,CUST_027,644.65,2515.79
2023-04-01,NA,P100,CUST_028,513.04,2543.15
2023-04-01,NA,P100,CUST_029,658.21,2509.58
2023-04-01,NA,P100,CUST_032,151.21,2563.55
2023-04-01,NA,P100,CUST_033,987.85,2610.53
2023-04-01,NA,P100,CUST_035,6547.82,2479.4
2023-04-01,NA,P100,CUST_036,1886.82,2520.77
2023-04-01,NA,P100,CUST_037,2175.31,2453.81
2023-04-01,NA,P100,CUST_034,6108.42,2472.19
2023-04-01,NA,P100,CUST_022,936.17,2503.8
2023-04-01,NA,P100,CUST_040,3804.91,2485.7
2023-04-01,NA,P200,CUST_002,497.69,2190.79
2023-04-01,NA,P200,CUST_003,2.27,2070.9
2023-04-01,NA,P200,CUST_006,270.92,2081.55
2023-04-01,NA,P200,CUST_010,636.06,2104.56
2023-04-01,NA,P200,CUST_011,124.03,2067.78
2023-04-01,NA,P200,CUST_013,0.28,2034.67
2023-04-01,NA,P200,CUST_014,3578.55,2076.96
2023-04-01,NA,P200,CUST_015,443.24,2072.25
2023-04-01,NA,P200,CUST_017,23.02,2116.24
2023-04-01,NA,P200,CUST_018,467.49,2122.94
2023-04-01,NA,P200,CUST_026,19.84,2154.08
2023-04-01,NA,P200,CUST_027,1145.18,2184.48
2023-04-01,NA,P200,CUST_028,2159.5,2117.62
2023-04-01,NA,P200,CUST_029,1785.35,2064.49
2023-04-01,NA,P200,CUST_032,184.89,2093.47
2023-04-01,NA,P200,CUST_033,1011.63,2119.31
2023-04-01,NA,P200,CUST_035,1096.96,2121.21
2023-04-01,NA,P200,CUST_036,686.3,2090.65
2023-04-01,NA,P200,CUST_037,1435.4,2174.92
2023-04-01,NA,P200,CUST_021,572.86,2098.91
2023-04-01,NA,P200,CUST_038,23.66,2061.7
2023-04-01,EMEA,P100,CUST_004,93.56,2384.9
2023-04-01,EMEA,P100,CUST_005,525.96,2390.12
2023-04-01,EMEA,P100,CUST_009,1165.92,2436.16
2023-04-01,EMEA,P100,CUST_012,3199.98,2376.97
2023-04-01,EMEA,P100,CUST_016,3962.92,2433.78
2023-04-01,EMEA,P100,CUST_020,771.87,2408.98
2023-04-01,EMEA,P100,CUST_021,851.1,2475.83
2023-04-01,EMEA,P100,CUST_023,340.56,2332.22
2023-04-01,EMEA,P100,CUST_024,127.47,2439.02
2023-04-01,EMEA,P100,CUST_025,6261.73,2406.9
2023-04-01,EMEA,P100,CUST_030,581.43,2331.11
2023-04-01,EMEA,P100,CUST_034,5292.54,2350.05
2023-04-01,EMEA,P100,CUST_040,1665.82,2409.47
2023-04-01,EMEA,P100,CUST_026,4657.49,2378.16
2023-04-01,EMEA,P100,CUST_039,1874.75,2383.86
2023-04-01,EMEA,P100,CUST_017,5692.31,2332.63
2023-04-01,EMEA,P200,CUST_004,312.96,2026.77
2023-04-01,EMEA,P200,CUST_005,233.56,2040.5
2023-04-01,EMEA,P200,CUST_009,836.7,2024.54
2023-04-01,EMEA,P200,CUST_012,625.57,2052.98
2023-04-01,EMEA,P200,CUST_016,570.21,2007.77
2023-04-01,EMEA,P200,CUST_020,48.14,1945.6
2023-04-01,EMEA,P200,CUST_021,413.05,1969.84
2023-04-01,EMEA,P200,CUST_023,2307.74,2027.24
2023-04-01,EMEA,P200,CUST_024,717.17,2074.91
2023-04-01,EMEA,P200,CUST_025,349.73,2039.8
2023-04-01,EMEA,P200,CUST_030,1347.94,1989.79
2023-04-01,EMEA,P200,CUST_034,357.24,2053.18
2023-04-01,EMEA,P200,CUST_040,9.06,2036.35
2023-04-01,EMEA,P200,CUST_010,2015.8,2000.45
2023-04-01,EMEA,P200,CUST_029,898.04,2041.2
2023-04-01,EMEA,P200,CUST_028,0.23,1950.5
2023-04-01,APAC,P100,CUST_007,6353.15,2268.07
2023-04-01,APAC,P100,CUST_022,3552.14,2285.69
2023-04-01,APAC,P100,CUST_038,1820.52,2294.16
2023-04-01,APAC,P100,CUST_039,874.68,2166.2
2023-04-01,APAC,P100,CUST_027,1773.99,2216.0
2023-04-01,APAC,P100,CUST_036,2420.77,2306.36
2023-04-01,APAC,P100,CUST_010,1251.91,2248.45
2023-04-01,APAC,P200,CUST_007,351.74,1933.68
2023-04-01,APAC,P200,CUST_022,88.09,1910.17
2023-04-01,APAC,P200,CUST_038,1434.66,1998.79
2023-04-01,APAC,P200,CUST_039,5.15,1832.45
2023-04-01,APAC,P200,CUST_034,1315.96,1959.62
2023-04-01,APAC,P200,CUST_013,1845.4,1959.55
2023-04-01,APAC,P200,CUST_012,1573.01,1990.83
2023-05-01,NA,P100,CUST_002,1374.95,2460.41
2023-05-01,NA,P100,CUST_003,2596.63,2458.82
2023-05-01,NA,P100,CUST_006,2323.26,2531.22
2023-05-01,NA,P100,CUST_010,1241.86,2455.57
2023-05-01,NA,P100,CUST_011,1127.53,2553.3
2023-05-01,NA,P100,CUST_013,848.38,2579.52
2023-05-01,NA,P100,CUST_014,2868.5,2417.14
2023-05-01,NA,P100,CUST_015,2291.09,2494.69
2023-05-01,NA,P100,CUST_017,2841.73,2487.91
2023-05-01,NA,P100,CUST_018,2771.38,2432.95
2023-05-01,NA,P100,CUST_026,3073.36,2573.74
2023-05-01,NA,P100,CUST_027,877.79,2547.98
2023-05-01,NA,P100,CUST_028,1565.89,2522.57
2023-05-01,NA,P100,CUST_029,1299.42,2482.94
2023-05-01,NA,P100,CUST_032,1293.9,2524.69
2023-05-01,NA,P100,CUST_033,2425.58,2538.7
2023-05-01,NA,P100,CUST_035,2022.56,2500.8
2023-05-01,NA,P100,CUST_036,5482.44,2577.3
2023-05-01,NA,P100,CUST_037,1364.18,2504.13
2023-05-01,NA,P100,CUST_004,1275.76,2442.26
2023-05-01,NA,P100,CUST_005,7066.93,2467.53
2023-05-01,NA,P100,CUST_039,1554.79,2521.64
2023-05-01,NA,P200,CUST_002,1129.14,2085.4
2023-05-01,NA,P200,CUST_003,6.82,2127.6
2023-05-01,NA,P200,CUST_006,584.67,1999.22
2023-05-01,NA,P200,CUST_010,183.15,2046.22
2023-05-01,NA,P200,CUST_011,1752.09,2085.62
2023-05-01,NA,P200,CUST_013,1887.26,2026.3
2023-05-01,NA,P200,CUST_014,1168.17,2099.76
2023-05-01,NA,P200,CUST_015,1776.88,2168.48
2023-05-01,NA,P200,CUST_017,135.01,2086.36
2023-05-01,NA,P200,CUST_018,341.84,2133.31
2023-05-01,NA,P200,CUST_026,600.32,2103.37
2023-05-01,NA,P200,CUST_027,556.11,2148.15
2023-05-01,NA,P200,CUST_028,340.27,2081.56
2023-05-01,NA,P200,CUST_029,123.2,2128.09
2023-05-01,NA,P200,CUST_032,361.71,2000.78
2023-05-01,NA,P200,CUST_033,480.92,2070.86
2023-05-01,NA,P200,CUST_035,466.21,2140.7
2023-05-01,NA,P200,CUST_036,201.67,2156.95
2023-05-01,NA,P200,CUST_037,2460.6,2051.71
2023-05-01,NA,P200,CUST_022,399.77,2049.37
2023-05-01,NA,P200,CUST_016,815.46,2132.34
2023-05-01,NA,P200,CUST_038,349.13,2131.8
2023-05-01,EMEA,P100,CUST_004,1213.3,2357.71
2023-05-01,EMEA,P100,CUST_005,5865.53,2396.77
2023-05-01,EMEA,P100,CUST_009,4349.07,2316.9
2023-05-01,EMEA,P100,CUST_012,1325.6,2359.43
2023-05-01,EMEA,P100,CUST_016,2569.15,2305.77
2023-05-01,EMEA,P100,CUST_020,1217.45,2351.51
2023-05-01,EMEA,P100,CUST_021,3980.99,2377.23
2023-05-01,EMEA,P100,CUST_023,1534.17,2417.35
2023-05-01,EMEA,P100,CUST_024,374.87,2382.36
2023-05-01,EMEA,P100,CUST_025,4186.39,2350.77
2023-05-01,EMEA,P100,CUST_030,1249.3,2385.51
2023-05-01,EMEA,P100,CUST_034,43.96,2347.08
2023-05-01,EMEA,P100,CUST_040,1738.29,2353.16
2023-05-01,EMEA,P100,CUST_015,4501.43,2274.44
2023-05-01,EMEA,P100,CUST_013,2562.95,2312.77
2023-05-01,EMEA,P100,CUST_029,384.16,2348.19
2023-05-01,EMEA,P200,CUST_004,797.03,1964.82
2023-05-01,EMEA,P200,CUST_005,144.57,2035.29
2023-05-01,EMEA,P200,CUST_009,1854.09,2086.58
2023-05-01,EMEA,P200,CUST_012,640.11,2046.24
2023-05-01,EMEA,P200,CUST_016,421.04,2035.16
2023-05-01,EMEA,P200,CUST_020,1025.81,1979.82
2023-05-01,EMEA,P200,CUST_021,815.22,1985.35
2023-05-01,EMEA,P200,CUST_023,1202.46,2051.71
2023-05-01,EMEA,P200,CUST_024,2183.56,2043.2
2023-05-01,EMEA,P200,CUST_025,273.62,1986.7
2023-05-01,EMEA,P200,CUST_030,420.59,2057.42
2023-05-01,EMEA,P200,CUST_034,441.63,1946.74
2023-05-01,EMEA,P200,CUST_040,41.55,1935.41
2023-05-01,EMEA,P200,CUST_015,827.5,1977.84
2023-05-01,EMEA,P200,CUST_028,296.02,2023.81
2023-05-01,EMEA,P200,CUST_014,1391.61,2013.58
2023-05-01,APAC,P100,CUST_007,2639.67,2237.08
2023-05-01,APAC,P100,CUST_022,4209.54,2281.21
2023-05-01,APAC,P100,CUST_038,887.05,2346.78
2023-05-01,APAC,P100,CUST_039,1289.12,2314.99
2023-05-01,APAC,P100,CUST_024,6520.65,2276.77
2023-05-01,APAC,P100,CUST_014,3679.36,2244.48
2023-05-01,APAC,P100,CUST_032,906.15,2268.64
2023-05-01,APAC,P200,CUST_007,1100.64,1959.79
2023-05-01,APAC,P200,CUST_022,1392.38,1968.84
2023-05-01,APAC,P200,CUST_038,986.2,1974.54
2023-05-01,APAC,P200,CUST_039,894.11,1957.9
2023-05-01,APAC,P200,CUST_010,3129.46,2028.81
2023-05-01,APAC,P200,CUST_005,1216.62,1952.71
2023-06-01,NA,P100,CUST_002,2528.71,2512.72
2023-06-01,NA,P100,CUST_003,2737.79,2490.89
2023-06-01,NA,P100,CUST_006,456.25,2530.25
2023-06-01,NA,P100,CUST_010,919.13,2520.85
2023-06-01,NA,P100,CUST_011,1879.77,2547.52
2023-06-01,NA,P100,CUST_013,627.14,2465.66
2023-06-01,NA,P100,CUST_014,2933.93,2510.66
2023-06-01,NA,P100,CUST_015,3036.11,2524.64
2023-06-01,NA,P100,CUST_017,1815.89,2552.28
2023-06-01,NA,P100,CUST_018,3645.37,2555.42
2023-06-01,NA,P100,CUST_026,3522.7,2418.36
2023-06-01,NA,P100,CUST_027,1075.91,2470.64
2023-06-01,NA,P100,CUST_028,6942.04,2531.78
2023-06-01,NA,P100,CUST_029,1653.33,2534.16
2023-06-01,NA,P100,CUST_032,2755.37,2542.31
2023-06-01,NA,P100,CUST_033,3822.04,2574.16
2023-06-01,NA,P100,CUST_035,3134.78,2517.39
2023-06-01,NA,P100,CUST_036,1096.01,2560.02
2023-06-01,NA,P100,CUST_037,3486.55,2605.74
2023-06-01,NA,P100,CUST_004,1208.79,2505.88
2023-06-01,NA,P100,CUST_025,1937.64,2522.4
2023-06-01,NA,P100,CUST_039,254.69,2345.42
2023-06-01,NA,P200,CUST_002,472.02,2142.58
2023-06-01,NA,P200,CUST_003,103.42,2192.24
2023-06-01,NA,P200,CUST_006,1036.69,2035.7
2023-06-01,NA,P200,CUST_010,1310.52,2093.79
2023-06-01,NA,P200,CUST_011,90.76,2107.81
2023-06-01,NA,P200,CUST_013,394.69,2137.81
2023-06-01,NA,P200,CUST_014,578.65,2143.97
2023-06-01,NA,P200,CUST_015,1332.43,2087.34
2023-06-01,NA,P200,CUST_017,54.6,2081.93
2023-06-01,NA,P200,CUST_018,916.36,2060.37
2023-06-01,NA,P200,CUST_026,297.21,2094.66
2023-06-01,NA,P200,CUST_027,362.33,2134.05
2023-06-01,NA,P200,CUST_028,4.7,2166.28
2023-06-01,NA,P200,CUST_029,2.25,2062.44
2023-06-01,NA,P200,CUST_032,687.52,2120.28
2023-06-01,NA,P200,CUST_033,3719.31,2177.09
2023-06-01,NA,P200,CUST_035,373.73,2109.43
2023-06-01,NA,P200,CUST_036,831.63,2067.28
2023-06-01,NA,P200,CUST_037,505.39,2090.65
2023-06-01,NA,P200,CUST_009,811.59,2108.42
2023-06-01,NA,P200,CUST_022,144.18,2174.63
2023-06-01,NA,P200,CUST_020,2023.75,2101.63
2023-06-01,EMEA,P100,CUST_004,1956.16,2328.25
2023-06-01,EMEA,P100,CUST_005,4031.55,2431.33
2023-06-01,EMEA,P100,CUST_009,519.84,2360.71
2023-06-01,EMEA,P100,CUST_012,2273.86,2224.49
2023-06-01,EMEA,P100,CUST_016,1976.01,2328.45
2023-06-01,EMEA,P100,CUST_020,2904.78,2304.01
2023-06-01,EMEA,P100,CUST_021,3247.9,2405.58
2023-06-01,EMEA,P100,CUST_023,5460.76,2326.19
2023-06-01,EMEA,P100,CUST_024,3617.61,2384.02
2023-06-01,EMEA,P100,CUST_025,2523.75,2329.24
2023-06-01,EMEA,P100,CUST_030,5090.8,2377.49
2023-06-01,EMEA,P100,CUST_034,568.38,2383.6
2023-06-01,EMEA,P100,CUST_040,2099.32,2376.87
2023-06-01,EMEA,P100,CUST_026,1784.27,2364.47
2023-06-01,EMEA,P100,CUST_039,4727.68,2373.87
2023-06-01,EMEA,P100,CUST_011,2266.29,2352.01
2023-06-01,EMEA,P200,CUST_004,753.44,1999.34
2023-06-01,EMEA,P200,CUST_005,213.55,2030.91
2023-06-01,EMEA,P200,CUST_009,2897.0,1991.98
2023-06-01,EMEA,P200,CUST_012,820.8,2042.63
2023-06-01,EMEA,P200,CUST_016,598.88,1995.54
2023-06-01,EMEA,P200,CUST_020,1810.8,1975.89
2023-06-01,EMEA,P200,CUST_021,733.77,2042.13
2023-06-01,EMEA,P200,CUST_023,214.74,2043.03
2023-06-01,EMEA,P200,CUST_024,1472.04,2003.13
2023-06-01,EMEA,P200,CUST_025,2925.8,2078.8
2023-06-01,EMEA,P200,CUST_030,880.17,2085.74
2023-06-01,EMEA,P200,CUST_034,2851.72,2022.5
2023-06-01,EMEA,P200,CUST_040,71.3,2007.08
2023-06-01,EMEA,P200,CUST_029,112.9,2020.31
2023-06-01,EMEA,P200,CUST_036,506.14,2000.88
2023-06-01,EMEA,P200,CUST_037,1810.89,2001.96
2023-06-01,APAC,P100,CUST_007,3268.74,2194.86
2023-06-01,APAC,P100,CUST_022,2525.7,2242.03
2023-06-01,APAC,P100,CUST_038,355.99,2323.33
2023-06-01,APAC,P100,CUST_039,4983.04,2326.26
2023-06-01,APAC,P100,CUST_004,1852.69,2242.86
2023-06-01,APAC,P100,CUST_028,6261.83,2171.34
2023-06-01,APAC,P100,CUST_013,1820.99,2328.48
2023-06-01,APAC,P200,CUST_007,2058.16,2002.69
2023-06-01,APAC,P200,CUST_022,1478.14,1973.08
2023-06-01,APAC,P200,CUST_038,5257.86,1918.08
2023-06-01,APAC,P200,CUST_039,307.99,1935.42
2023-06-01,APAC,P200,CUST_017,336.43,1936.5
2023-06-01,APAC,P200,CUST_006,2.49,1908.86
2023-06-01,APAC,P200,CUST_034,868.81,1951.6
2023-07-01,NA,P100,CUST_002,1607.57,2470.95
2023-07-01,NA,P100,CUST_003,306.31,2512.27
2023-07-01,NA,P100,CUST_006,1177.78,2529.11
2023-07-01,NA,P100,CUST_010,2469.31,2494.4
2023-07-01,NA,P100,CUST_011,197.82,2484.9
2023-07-01,NA,P100,CUST_013,6723.48,2581.3
2023-07-01,NA,P100,CUST_014,3035.13,2573.36
2023-07-01,NA,P100,CUST_015,2641.12,2516.82
2023-07-01,NA,P100,CUST_017,2711.52,2447.43
2023-07-01,NA,P100,CUST_018,2916.96,2469.03
2023-07-01,NA,P100,CUST_026,3288.13,2528.49
2023-07-01,NA,P100,CUST_027,1943.14,2591.06
2023-07-01,NA,P100,CUST_028,817.91,2471.27
2023-07-01,NA,P100,CUST_029,4409.11,2466.5
2023-07-01,NA,P100,CUST_032,1980.3,2506.51
2023-07-01,NA,P100,CUST_033,3479.84,2464.97
2023-07-01,NA,P100,CUST_035,3333.14,2538.15
2023-07-01,NA,P100,CUST_036,1161.58,2392.11
2023-07-01,NA,P100,CUST_037,2269.49,2545.35
2023-07-01,NA,P100,CUST_005,2150.87,2497.64
2023-07-01,NA,P100,CUST_024,2633.63,2523.57
2023-07-01,NA,P200,CUST_002,1547.54,2073.15
2023-07-01,NA,P200,CUST_003,709.39,2145.08
2023-07-01,NA,P200,CUST_006,233.02,2139.5
2023-07-01,NA,P200,CUST_010,441.38,2074.67
2023-07-01,NA,P200,CUST_011,293.22,2104.28
2023-07-01,NA,P200,CUST_013,49.44,2163.71
2023-07-01,NA,P200,CUST_014,123.36,2095.61
2023-07-01,NA,P200,CUST_015,1921.47,2040.56
2023-07-01,NA,P200,CUST_017,9.99,2050.81
2023-07-01,NA,P200,CUST_018,869.56,2083.79
2023-07-01,NA,P200,CUST_026,0.4,2076.03
2023-07-01,NA,P200,CUST_027,917.21,2160.97
2023-07-01,NA,P200,CUST_028,352.49,2090.84
2023-07-01,NA,P200,CUST_029,2754.95,2191.83
2023-07-01,NA,P200,CUST_032,373.0,2180.67
2023-07-01,NA,P200,CUST_033,2387.96,2045.58
2023-07-01,NA,P200,CUST_035,259.66,2158.61
2023-07-01,NA,P200,CUST_036,640.27,2092.4
2023-07-01,NA,P200,CUST_037,1163.19,2139.88
2023-07-01,NA,P200,CUST_005,474.01,2126.95
2023-07-01,NA,P200,CUST_039,5.67,2099.57
2023-07-01,NA,P200,CUST_009,1064.07,2143.4
2023-07-01,EMEA,P100,CUST_004,473.51,2413.53
2023-07-01,EMEA,P100,CUST_005,329.98,2373.12
2023-07-01,EMEA,P100,CUST_009,364.27,2409.44
2023-07-01,EMEA,P100,CUST_012,6249.1,2513.36
2023-07-01,EMEA,P100,CUST_016,1705.32,2365.3
2023-07-01,EMEA,P100,CUST_020,1430.15,2379.6
2023-07-01,EMEA,P100,CUST_021,276.45,2370.15
2023-07-01,EMEA,P100,CUST_023,656.16,2371.85
2023-07-01,EMEA,P100,CUST_024,5117.06,2395.29
2023-07-01,EMEA,P100,CUST_025,1078.21,2384.06
2023-07-01,EMEA,P100,CUST_030,8044.25,2327.14
2023-07-01,EMEA,P100,CUST_034,4308.03,2344.96
2023-07-01,EMEA,P100,CUST_040,426.74,2363.27
2023-07-01,EMEA,P100,CUST_032,1450.03,2335.82
2023-07-01,EMEA,P100,CUST_006,3243.03,2385.89
2023-07-01,EMEA,P100,CUST_010,1398.05,2340.64
2023-07-01,EMEA,P200,CUST_004,719.43,1981.16
2023-07-01,EMEA,P200,CUST_005,1.96,1949.23
2023-07-01,EMEA,P200,CUST_009,2308.09,1977.46
2023-07-01,EMEA,P200,CUST_012,2210.01,1985.07
2023-07-01,EMEA,P200,CUST_016,212.25,2011.18
2023-07-01,EMEA,P200,CUST_020,232.12,2053.2
2023-07-01,EMEA,P200,CUST_021,67.18,2088.95
2023-07-01,EMEA,P200,CUST_023,769.08,2064.88
2023-07-01,EMEA,P200,CUST_024,609.73,2021.78
2023-07-01,EMEA,P200,CUST_025,1087.79,2101.33
2023-07-01,EMEA,P200,CUST_030,805.37,2001.97
2023-07-01,EMEA,P200,CUST_034,1211.07,1979.88
2023-07-01,EMEA,P200,CUST_040,21.33,2003.86
2023-07-01,EMEA,P200,CUST_035,328.96,2044.1
2023-07-01,EMEA,P200,CUST_026,156.21,1970.09
2023-07-01,APAC,P100,CUST_007,1675.04,2312.4
2023-07-01,APAC,P100,CUST_022,1313.69,2182.98
2023-07-01,APAC,P100,CUST_038,6519.38,2267.39
2023-07-01,APAC,P100,CUST_039,1615.95,2234.1
2023-07-01,APAC,P100,CUST_033,3533.82,2267.48
2023-07-01,APAC,P100,CUST_009,1091.62,2223.1
2023-07-01,APAC,P100,CUST_011,5051.46,2279.05
2023-07-01,APAC,P200,CUST_007,1289.52,1914.54
2023-07-01,APAC,P200,CUST_022,312.76,1894.12
2023-07-01,APAC,P200,CUST_038,2250.38,1899.21
2023-07-01,APAC,P200,CUST_039,179.7,1896.85
2023-07-01,APAC,P200,CUST_033,166.07,1935.65
2023-07-01,APAC,P200,CUST_030,3329.92,2035.19
2023-07-01,APAC,P200,CUST_010,27.81,1991.08
2023-08-01,NA,P100,CUST_002,622.66,2506.72
2023-08-01,NA,P100,CUST_003,2367.13,2525.75
2023-08-01,NA,P100,CUST_006,1625.47,2553.44
2023-08-01,NA,P100,CUST_010,3350.74,2617.3
2023-08-01,NA,P100,CUST_011,1018.65,2562.22
2023-08-01,NA,P100,CUST_013,1668.35,2540.17
2023-08-01,NA,P100,CUST_014,1265.37,2542.01
2023-08-01,NA,P100,CUST_015,558.57,2504.95
2023-08-01,NA,P100,CUST_017,1094.41,2589.54
2023-08-01,NA,P100,CUST_018,1629.01,2569.82
2023-08-01,NA,P100,CUST_026,2767.0,2466.68
2023-08-01,NA,P100,CUST_027,1264.99,2417.56
2023-08-01,NA,P100,CUST_028,1703.06,2519.49
2023-08-01,NA,P100,CUST_029,1751.84,2494.61
2023-08-01,NA,P100,CUST_032,529.61,2481.82
2023-08-01,NA,P100,CUST_033,3463.0,2401.22
2023-08-01,NA,P100,CUST_035,2131.55,2543.85
2023-08-01,NA,P100,CUST_036,1842.47,2447.46
2023-08-01,NA,P100,CUST_037,1742.24,2597.43
2023-08-01,NA,P100,CUST_021,3202.07,2473.58
2023-08-01,NA,P100,CUST_004,1070.04,2558.21
2023-08-01,NA,P100,CUST_005,3697.85,2468.92
2023-08-01,NA,P200,CUST_002,402.7,2107.93
2023-08-01,NA,P200,CUST_003,75.49,2093.85
2023-08-01,NA,P200,CUST_006,197.69,2101.59
2023-08-01,NA,P200,CUST_010,2872.46,2134.89
2023-08-01,NA,P200,CUST_011,508.71,2111.53
2023-08-01,NA,P200,CUST_013,16.11,2152.92
2023-08-01,NA,P200,CUST_014,123.28,2180.86
2023-08-01,NA,P200,CUST_015,151.91,2114.15
2023-08-01,NA,P200,CUST_017,575.94,2118.13
2023-08-01,NA,P200,CUST_018,403.63,2153.12
2023-08-01,NA,P200,CUST_026,16.08,2111.99
2023-08-01,NA,P200,CUST_027,1580.57,2081.02
2023-08-01,NA,P200,CUST_028,198.71,2156.21
2023-08-01,NA,P200,CUST_029,0.21,2138.1
2023-08-01,NA,P200,CUST_032,514.75,2087.83
2023-08-01,NA,P200,CUST_033,923.94,2107.13
2023-08-01,NA,P200,CUST_035,262.13,2135.73
2023-08-01,NA,P200,CUST_036,1156.9,2179.04
2023-08-01,NA,P200,CUST_037,44.87,2071.06
2023-08-01,NA,P200,CUST_020,983.0,2146.93
2023-08-01,NA,P200,CUST_022,263.67,2048.23
2023-08-01,NA,P200,CUST_009,659.4,2129.42
2023-08-01,EMEA,P100,CUST_004,2440.01,2523.23
2023-08-01,EMEA,P100,CUST_005,1387.52,2380.57
2023-08-01,EMEA,P100,CUST_009,3255.24,2440.52
2023-08-01,EMEA,P100,CUST_012,2138.12,2393.78
2023-08-01,EMEA,P100,CUST_016,941.1,2272.82
2023-08-01,EMEA,P100,CUST_020,220.13,2387.5
2023-08-01,EMEA,P100,CUST_021,2296.58,2393.33
2023-08-01,EMEA,P100,CUST_023,1928.12,2357.13
2023-08-01,EMEA,P100,CUST_024,1347.46,2385.46
2023-08-01,EMEA,P100,CUST_025,2854.39,2414.87
2023-08-01,EMEA,P100,CUST_030,2035.99,2343.27
2023-08-01,EMEA,P100,CUST_034,1665.95,2458.32
2023-08-01,EMEA,P100,CUST_040,603.19,2422.36
2023-08-01,EMEA,P100,CUST_036,5171.61,2359.06
2023-08-01,EMEA,P100,CUST_029,712.57,2396.99
2023-08-01,EMEA,P100,CUST_022,5158.29,2284.81
2023-08-01,EMEA,P200,CUST_004,316.9,2056.66
2023-08-01,EMEA,P200,CUST_005,9.65,2009.42
2023-08-01,EMEA,P200,CUST_009,957.56,2051.73
2023-08-01,EMEA,P200,CUST_012,270.45,2060.28
2023-08-01,EMEA,P200,CUST_016,124.71,2017.14
2023-08-01,EMEA,P200,CUST_020,786.56,1948.15
2023-08-01,EMEA,P200,CUST_021,194.37,2043.38
2023-08-01,EMEA,P200,CUST_023,515.22,2026.02
2023-08-01,EMEA,P200,CUST_024,2216.78,1978.63
2023-08-01,EMEA,P200,CUST_025,127.57,2063.87
2023-08-01,EMEA,P200,CUST_030,384.1,1991.14
2023-08-01,EMEA,P200,CUST_034,399.48,2043.37
2023-08-01,EMEA,P200,CUST_040,42.28,2087.6
2023-08-01,EMEA,P200,CUST_029,109.06,2113.66
2023-08-01,EMEA,P200,CUST_014,1095.52,2062.15
2023-08-01,EMEA,P200,CUST_036,191.3,2003.85
2023-08-01,APAC,P100,CUST_007,968.96,2222.65
2023-08-01,APAC,P100,CUST_022,912.29,2243.58
2023-08-01,APAC,P100,CUST_038,1638.29,2213.47
2023-08-01,APAC,P100,CUST_039,1811.62,2210.54
2023-08-01,APAC,P100,CUST_029,4793.77,2268.8
2023-08-01,APAC,P100,CUST_003,10143.73,2266.96
2023-08-01,APAC,P100,CUST_024,3089.66,2264.77
2023-08-01,APAC,P200,CUST_007,504.49,1952.22
2023-08-01,APAC,P200,CUST_022,161.5,1986.11
2023-08-01,APAC,P200,CUST_038,3203.6,1962.17
2023-08-01,APAC,P200,CUST_039,200.16,1954.03
2023-08-01,APAC,P200,CUST_027,472.13,1949.52
2023-08-01,APAC,P200,CUST_002,657.39,1955.68
2023-09-01,NA,P100,CUST_002,3318.8,2564.8
2023-09-01,NA,P100,CUST_003,1359.95,2436.85
2023-09-01,NA,P100,CUST_006,2778.6,2407.45
2023-09-01,NA,P100,CUST_010,377.25,2573.48
2023-09-01,NA,P100,CUST_011,3285.43,2452.86
2023-09-01,NA,P100,CUST_013,291.31,2526.18
2023-09-01,NA,P100,CUST_014,1167.7,2489.06
2023-09-01,NA,P100,CUST_015,949.84,2556.4
2023-09-01,NA,P100,CUST_017,742.97,2593.79
2023-09-01,NA,P100,CUST_018,1321.99,2468.23
2023-09-01,NA,P100,CUST_026,858.98,2568.45
2023-09-01,NA,P100,CUST_027,1967.83,2437.48
2023-09-01,NA,P100,CUST_028,343.91,2559.03
2023-09-01,NA,P100,CUST_029,1466.13,2505.49
2023-09-01,NA,P100,CUST_032,1212.04,2541.18
2023-09-01,NA,P100,CUST_033,1873.71,2485.88
2023-09-01,NA,P100,CUST_035,2005.97,2576.82
2023-09-01,NA,P100,CUST_036,1341.21,2562.44
2023-09-01,NA,P100,CUST_037,1136.0,2479.91
2023-09-01,NA,P100,CUST_024,1526.0,2481.5
2023-09-01,NA,P100,CUST_034,430.67,2531.64
2023-09-01,NA,P100,CUST_007,1648.09,2489.77
2023-09-01,NA,P200,CUST_002,952.52,2124.74
2023-09-01,NA,P200,CUST_003,416.5,2126.25
2023-09-01,NA,P200,CUST_006,53.1,2111.47
2023-09-01,NA,P200,CUST_010,1805.75,2054.11
2023-09-01,NA,P200,CUST_011,301.74,2135.39
2023-09-01,NA,P200,CUST_013,28.7,2129.35
2023-09-01,NA,P200,CUST_014,427.95,2098.95
2023-09-01,NA,P200,CUST_015,1347.24,2140.45
2023-09-01,NA,P200,CUST_017,37.74,2019.17
2023-09-01,NA,P200,CUST_018,147.38,2141.7
2023-09-01,NA,P200,CUST_026,351.31,2051.77
2023-09-01,NA,P200,CUST_027,68.96,2082.97
2023-09-01,NA,P200,CUST_028,70.77,2080.42
2023-09-01,NA,P200,CUST_029,297.65,2089.07
2023-09-01,NA,P200,CUST_032,832.95,2183.94
2023-09-01,NA,P200,CUST_033,1381.93,2093.73
2023-09-01,NA,P200,CUST_035,819.99,2120.61
2023-09-01,NA,P200,CUST_036,1980.71,2064.21
2023-09-01,NA,P200,CUST_037,829.19,2107.55
2023-09-01,NA,P200,CUST_007,132.3,2062.69
2023-09-01,NA,P200,CUST_038,1322.51,2144.06
2023-09-01,NA,P200,CUST_021,1644.74,2156.85
2023-09-01,EMEA,P100,CUST_004,240.52,2420.45
2023-09-01,EMEA,P100,CUST_005,2182.1,2412.33
2023-09-01,EMEA,P100,CUST_009,114.41,2436.69
2023-09-01,EMEA,P100,CUST_012,2028.52,2402.9
2023-09-01,EMEA,P100,CUST_016,100.57,2372.35
2023-09-01,EMEA,P100,CUST_020,2689.78,2288.28
2023-09-01,EMEA,P100,CUST_021,3910.38,2323.57
2023-09-01,EMEA,P100,CUST_023,1746.4,2474.28
2023-09-01,EMEA,P100,CUST_024,1417.01,2390.65
2023-09-01,EMEA,P100,CUST_025,1933.82,2312.18
2023-09-01,EMEA,P100,CUST_030,814.52,2383.73
2023-09-01,EMEA,P100,CUST_034,2043.19,2404.54
2023-09-01,EMEA,P100,CUST_040,3394.63,2438.36
2023-09-01,EMEA,P100,CUST_022,5837.78,2364.4
2023-09-01,EMEA,P100,CUST_014,4718.11,2442.03
2023-09-01,EMEA,P100,CUST_032,8.24,2352.0
2023-09-01,EMEA,P200,CUST_004,481.47,2020.79
2023-09-01,EMEA,P200,CUST_005,186.75,1949.61
2023-09-01,EMEA,P200,CUST_009,574.67,1974.55
2023-09-01,EMEA,P200,CUST_012,3241.26,1961.8
2023-09-01,EMEA,P200,CUST_016,338.54,1980.22
2023-09-01,EMEA,P200,CUST_020,746.02,2012.32
2023-09-01,EMEA,P200,CUST_021,190.44,1971.15
2023-09-01,EMEA,P200,CUST_023,389.36,2015.25
2023-09-01,EMEA,P200,CUST_024,1787.11,2059.32
2023-09-01,EMEA,P200,CUST_025,793.99,2006.85
2023-09-01,EMEA,P200,CUST_030,847.95,2062.22
2023-09-01,EMEA,P200,CUST_034,987.32,2051.69
2023-09-01,EMEA,P200,CUST_040,422.9,2038.64
2023-09-01,EMEA,P200,CUST_029,606.67,2025.39
2023-09-01,EMEA,P200,CUST_011,555.86,2074.36
2023-09-01,EMEA,P200,CUST_017,235.52,1990.05
2023-09-01,APAC,P100,CUST_007,2074.74,2294.15
2023-09-01,APAC,P100,CUST_022,10393.45,2201.44
2023-09-01,APAC,P100,CUST_038,526.47,2212.62
2023-09-01,APAC,P100,CUST_039,599.87,2317.1
2023-09-01,APAC,P100,CUST_014,5226.83,2158.77
2023-09-01,APAC,P100,CUST_018,2264.42,2208.34
2023-09-01,APAC,P200,CUST_007,309.64,1968.7
2023-09-01,APAC,P200,CUST_022,194.81,1963.9
2023-09-01,APAC,P200,CUST_038,1304.84,1940.49
2023-09-01,APAC,P200,CUST_039,4257.8,1904.02
2023-09-01,APAC,P200,CUST_023,173.53,1958.49
2023-09-01,APAC,P200,CUST_004,267.24,1960.9
2023-10-01,NA,P100,CUST_002,3168.03,2514.98
2023-10-01,NA,P100,CUST_003,2750.0,2486.5
2023-10-01,NA,P100,CUST_006,2200.17,2508.28
2023-10-01,NA,P100,CUST_010,3706.82,2496.86
2023-10-01,NA,P100,CUST_011,1958.35,2511.83
2023-10-01,NA,P100,CUST_013,400.83,2598.71
2023-10-01,NA,P100,CUST_014,930.8,2560.05
2023-10-01,NA,P100,CUST_015,839.55,2521.1
2023-10-01,NA,P100,CUST_017,387.32,2522.29
2023-10-01,NA,P100,CUST_018,1247.11,2428.36
2023-10-01,NA,P100,CUST_026,799.47,2531.01
2023-10-01,NA,P100,CUST_027,464.54,2552.27
2023-10-01,NA,P100,CUST_028,1736.45,2491.6
2023-10-01,NA,P100,CUST_029,1685.64,2501.36
2023-10-01,NA,P100,CUST_032,234.02,2488.06
2023-10-01,NA,P100,CUST_033,389.91,2486.91
2023-10-01,NA,P100,CUST_035,145.22,2426.52
2023-10-01,NA,P100,CUST_036,4657.18,2485.28
2023-10-01,NA,P100,CUST_037,551.97,2453.89
2023-10-01,NA,P100,CUST_021,1229.32,2512.89
2023-10-01,NA,P100,CUST_023,969.22,2448.27
2023-10-01,NA,P100,CUST_016,891.51,2434.74
2023-10-01,NA,P200,CUST_002,1519.83,2124.96
2023-10-01,NA,P200,CUST_003,2177.81,2119.12
2023-10-01,NA,P200,CUST_006,53.76,2066.79
2023-10-01,NA,P200,CUST_010,1393.62,2160.72
2023-10-01,NA,P200,CUST_011,520.67,2089.07
2023-10-01,NA,P200,CUST_013,0.55,2112.32
2023-10-01,NA,P200,CUST_014,29.65,2043.0
2023-10-01,NA,P200,CUST_015,996.69,2088.54
2023-10-01,NA,P200,CUST_017,430.47,2118.87
2023-10-01,NA,P200,CUST_018,138.03,2166.98
2023-10-01,NA,P200,CUST_026,33.04,2079.2
2023-10-01,NA,P200,CUST_027,973.39,2055.89
2023-10-01,NA,P200,CUST_028,1830.61,2204.74
2023-10-01,NA,P200,CUST_029,108.93,2163.15
2023-10-01,NA,P200,CUST_032,1637.32,2151.96
2023-10-01,NA,P200,CUST_033,1191.29,2134.96
2023-10-01,NA,P200,CUST_035,847.28,2108.4
2023-10-01,NA,P200,CUST_036,3944.8,2144.09
2023-10-01,NA,P200,CUST_037,1653.62,2141.44
2023-10-01,NA,P200,CUST_021,1117.22,2064.72
2023-10-01,NA,P200,CUST_040,1279.52,2105.85
2023-10-01,NA,P200,CUST_005,47.06,2036.46
2023-10-01,EMEA,P100,CUST_004,849.47,2471.91
2023-10-01,EMEA,P100,CUST_005,2027.39,2411.61
2023-10-01,EMEA,P100,CUST_009,1534.18,2349.1
2023-10-01,EMEA,P100,CUST_012,2074.83,2446.53
2023-10-01,EMEA,P100,CUST_016,1029.34,2353.18
2023-10-01,EMEA,P100,CUST_020,2758.45,2435.82
2023-10-01,EMEA,P100,CUST_021,840.14,2299.51
2023-10-01,EMEA,P100,CUST_023,1285.02,2319.24
2023-10-01,EMEA,P100,CUST_024,2574.56,2378.63
2023-10-01,EMEA,P100,CUST_025,2237.61,2345.74
2023-10-01,EMEA,P100,CUST_030,304.79,2332.76
2023-10-01,EMEA,P100,CUST_034,2293.41,2334.18
2023-10-01,EMEA,P100,CUST_040,1556.16,2412.47
2023-10-01,EMEA,P100,CUST_007,324.7,2394.8
2023-10-01,EMEA,P100,CUST_035,1160.97,2363.25
2023-10-01,EMEA,P200,CUST_004,13.62,1963.7
2023-10-01,EMEA,P200,CUST_005,540.53,2075.99
2023-10-01,EMEA,P200,CUST_009,438.22,2040.65
2023-10-01,EMEA,P200,CUST_012,1841.31,1997.23
2023-10-01,EMEA,P200,CUST_016,1838.18,2000.59
2023-10-01,EMEA,P200,CUST_020,838.48,2040.35
2023-10-01,EMEA,P200,CUST_021,143.59,2012.28
2023-10-01,EMEA,P200,CUST_023,49.56,1933.27
2023-10-01,EMEA,P200,CUST_024,1607.61,1989.75
2023-10-01,EMEA,P200,CUST_025,1581.79,2014.24
2023-10-01,EMEA,P200,CUST_030,774.33,2001.46
2023-10-01,EMEA,P200,CUST_034,673.67,2065.58
2023-10-01,EMEA,P200,CUST_040,26.92,1965.56
2023-10-01,EMEA,P200,CUST_038,1222.09,2028.88
2023-10-01,EMEA,P200,CUST_002,705.84,2095.1
2023-10-01,EMEA,P200,CUST_027,497.16,2035.91
2023-10-01,APAC,P100,CUST_007,2397.43,2268.9
2023-10-01,APAC,P100,CUST_022,948.1,2216.79
2023-10-01,APAC,P100,CUST_038,1692.89,2320.05
2023-10-01,APAC,P100,CUST_039,1252.15,2195.35
2023-10-01,APAC,P100,CUST_006,2818.12,2229.08
2023-10-01,APAC,P100,CUST_027,2249.55,2301.0
2023-10-01,APAC,P200,CUST_007,1286.14,1950.44
2023-10-01,APAC,P200,CUST_022,900.72,1887.0
2023-10-01,APAC,P200,CUST_038,204.1,1914.1
2023-10-01,APAC,P200,CUST_039,1114.6,1868.21
2023-10-01,APAC,P200,CUST_006,3412.26,2002.96
2023-10-01,APAC,P200,CUST_005,103.62,1929.49
2023-11-01,NA,P100,CUST_002,3956.73,2508.58
2023-11-01,NA,P100,CUST_003,364.46,2548.87
2023-11-01,NA,P100,CUST_006,1164.08,2511.83
2023-11-01,NA,P100,CUST_010,5055.97,2413.82
2023-11-01,NA,P100,CUST_011,1193.46,2442.57
2023-11-01,NA,P100,CUST_013,1608.79,2512.31
2023-11-01,NA,P100,CUST_014,2930.56,2510.29
2023-11-01,NA,P100,CUST_015,1010.48,2531.43
2023-11-01,NA,P100,CUST_017,922.28,2601.58
2023-11-01,NA,P100,CUST_018,1201.21,2476.02
2023-11-01,NA,P100,CUST_026,158.37,2525.73
2023-11-01,NA,P100,CUST_027,3533.89,2509.2
2023-11-01,NA,P100,CUST_028,862.11,2532.22
2023-11-01,NA,P100,CUST_029,1774.19,2537.22
2023-11-01,NA,P100,CUST_032,501.37,2561.41
2023-11-01,NA,P100,CUST_033,419.32,2489.48
2023-11-01,NA,P100,CUST_035,1696.18,2498.02
2023-11-01,NA,P100,CUST_036,4071.64,2542.41
2023-11-01,NA,P100,CUST_037,1313.35,2499.66
2023-11-01,NA,P100,CUST_012,336.42,2527.59
2023-11-01,NA,P100,CUST_024,651.4,2478.44
2023-11-01,NA,P100,CUST_039,75.8,2413.52
2023-11-01,NA,P200,CUST_002,310.27,2144.5
2023-11-01,NA,P200,CUST_003,456.41,2173.27
2023-11-01,NA,P200,CUST_006,781.94,2127.06
2023-11-01,NA,P200,CUST_010,929.85,2052.38
2023-11-01,NA,P200,CUST_011,89.35,2101.05
2023-11-01,NA,P200,CUST_013,2.02,2111.8
2023-11-01,NA,P200,CUST_014,533.07,2168.03
2023-11-01,NA,P200,CUST_015,308.28,2134.23
2023-11-01,NA,P200,CUST_017,1.38,2129.26
2023-11-01,NA,P200,CUST_018,1229.55,2153.15
2023-11-01,NA,P200,CUST_026,160.71,2121.78
2023-11-01,NA,P200,CUST_027,931.9,2134.95
2023-11-01,NA,P200,CUST_028,1001.01,2105.13
2023-11-01,NA,P200,CUST_029,36.8,2081.18
2023-11-01,NA,P200,CUST_032,38.52,2143.01
2023-11-01,NA,P200,CUST_033,1035.08,2144.32
2023-11-01,NA,P200,CUST_035,1731.03,2043.23
2023-11-01,NA,P200,CUST_036,107.81,2094.61
2023-11-01,NA,P200,CUST_037,1052.07,2083.84
2023-11-01,NA,P200,CUST_034,688.76,2161.63
2023-11-01,NA,P200,CUST_009,206.92,2165.25
2023-11-01,NA,P200,CUST_030,2407.1,2116.25
2023-11-01,EMEA,P100,CUST_004,471.06,2488.2
2023-11-01,EMEA,P100,CUST_005,1290.4,2315.68
2023-11-01,EMEA,P100,CUST_009,2182.39,2393.49
2023-11-01,EMEA,P100,CUST_012,1670.04,2379.39
2023-11-01,EMEA,P100,CUST_016,771.48,2331.01
2023-11-01,EMEA,P100,CUST_020,839.09,2298.92
2023-11-01,EMEA,P100,CUST_021,3085.95,2390.84
2023-11-01,EMEA,P100,CUST_023,828.02,2313.29
2023-11-01,EMEA,P100,CUST_024,392.95,2396.34
2023-11-01,EMEA,P100,CUST_025,1139.17,2348.56
2023-11-01,EMEA,P100,CUST_030,642.59,2383.27
2023-11-01,EMEA,P100,CUST_034,3516.26,2337.3
2023-11-01,EMEA,P100,CUST_040,959.23,2359.86
2023-11-01,EMEA,P100,CUST_027,366.68,2322.31
2023-11-01,EMEA,P100,CUST_010,1820.24,2366.67
2023-11-01,EMEA,P100,CUST_036,3030.49,2469.09
2023-11-01,EMEA,P200,CUST_004,326.46,1990.1
2023-11-01,EMEA,P200,CUST_005,144.51,1994.07
2023-11-01,EMEA,P200,CUST_009,284.37,2111.18
2023-11-01,EMEA,P200,CUST_012,1261.42,1999.8
2023-11-01,EMEA,P200,CUST_016,660.54,2084.83
2023-11-01,EMEA,P200,CUST_020,1120.32,2046.02
2023-11-01,EMEA,P200,CUST_021,324.18,2005.13
2023-11-01,EMEA,P200,CUST_023,114.12,1997.38
2023-11-01,EMEA,P200,CUST_024,480.84,2015.85
2023-11-01,EMEA,P200,CUST_025,244.93,1985.68
2023-11-01,EMEA,P200,CUST_030,1422.24,2018.33
2023-11-01,EMEA,P200,CUST_034,1071.73,2006.94
2023-11-01,EMEA,P200,CUST_040,48.94,2041.2
2023-11-01,EMEA,P200,CUST_032,1345.34,1992.59
2023-11-01,EMEA,P200,CUST_038,410.04,1977.19
2023-11-01,EMEA,P200,CUST_018,1610.95,2011.37
2023-11-01,APAC,P100,CUST_007,167.43,2275.01
2023-11-01,APAC,P100,CUST_022,1997.39,2238.96
2023-11-01,APAC,P100,CUST_038,5361.32,2212.48
2023-11-01,APAC,P100,CUST_039,1950.99,2259.32
2023-11-01,APAC,P100,CUST_032,499.16,2239.86
2023-11-01,APAC,P100,CUST_013,1749.45,2195.64
2023-11-01,APAC,P100,CUST_036,2002.67,2214.41
2023-11-01,APAC,P200,CUST_007,1139.23,1928.67
2023-11-01,APAC,P200,CUST_022,970.83,1918.88
2023-11-01,APAC,P200,CUST_038,826.4,1954.73
2023-11-01,APAC,P200,CUST_039,182.68,1881.61
2023-11-01,APAC,P200,CUST_020,98.16,1994.06
2023-11-01,APAC,P200,CUST_005,6.43,1997.08
2023-11-01,APAC,P200,CUST_030,4537.27,2030.03
2023-12-01,NA,P100,CUST_002,1498.34,2406.21
2023-12-01,NA,P100,CUST_003,969.01,2540.15
2023-12-01,NA,P100,CUST_006,467.09,2548.98
2023-12-01,NA,P100,CUST_010,1350.05,2504.29
2023-12-01,NA,P100,CUST_011,523.03,2494.37
2023-12-01,NA,P100,CUST_013,1912.33,2548.33
2023-12-01,NA,P100,CUST_014,246.87,2527.65
2023-12-01,NA,P100,CUST_015,1799.36,2505.05
2023-12-01,NA,P100,CUST_017,2376.72,2468.73
2023-12-01,NA,P100,CUST_018,885.03,2548.88
2023-12-01,NA,P100,CUST_026,495.02,2490.15
2023-12-01,NA,P100,CUST_027,2172.67,2416.33
2023-12-01,NA,P100,CUST_028,65.75,2586.28
2023-12-01,NA,P100,CUST_029,2492.72,2522.24
2023-12-01,NA,P100,CUST_032,1.19,2529.05
2023-12-01,NA,P100,CUST_033,1792.96,2552.16
2023-12-01,NA,P100,CUST_035,2676.93,2429.39
2023-12-01,NA,P100,CUST_036,912.04,2497.04
2023-12-01,NA,P100,CUST_037,1727.32,2527.2
2023-12-01,NA,P100,CUST_004,1102.17,2534.65
2023-12-01,NA,P100,CUST_020,479.65,2441.89
2023-12-01,NA,P200,CUST_002,1780.97,2079.48
2023-12-01,NA,P200,CUST_003,5.05,2117.31
2023-12-01,NA,P200,CUST_006,573.23,2136.2
2023-12-01,NA,P200,CUST_010,612.22,2130.9
2023-12-01,NA,P200,CUST_011,84.76,2078.69
2023-12-01,NA,P200,CUST_013,5.94,2090.87
2023-12-01,NA,P200,CUST_014,402.83,2081.2
2023-12-01,NA,P200,CUST_015,1179.15,2135.93
2023-12-01,NA,P200,CUST_017,1084.92,2101.64
2023-12-01,NA,P200,CUST_018,5765.3,2027.22
2023-12-01,NA,P200,CUST_026,1341.34,2064.39
2023-12-01,NA,P200,CUST_027,520.33,2148.29
2023-12-01,NA,P200,CUST_028,46.63,2185.05
2023-12-01,NA,P200,CUST_029,10.49,2075.98
2023-12-01,NA,P200,CUST_032,730.68,2140.46
2023-12-01,NA,P200,CUST_033,1308.27,2090.09
2023-12-01,NA,P200,CUST_035,1001.02,2125.12
2023-12-01,NA,P200,CUST_036,157.91,2138.08
2023-12-01,NA,P200,CUST_037,355.58,2004.22
2023-12-01,NA,P200,CUST_005,29.39,2073.02
2023-12-01,NA,P200,CUST_023,944.57,2089.14
2023-12-01,NA,P200,CUST_025,327.3,2080.69
2023-12-01,EMEA,P100,CUST_004,444.16,2373.84
2023-12-01,EMEA,P100,CUST_005,2311.05,2402.68
2023-12-01,EMEA,P100,CUST_009,981.92,2351.39
2023-12-01,EMEA,P100,CUST_012,903.34,2376.03
2023-12-01,EMEA,P100,CUST_016,760.76,2326.98
2023-12-01,EMEA,P100,CUST_020,1807.67,2287.56
2023-12-01,EMEA,P100,CUST_021,1568.34,2360.03
2023-12-01,EMEA,P100,CUST_023,1485.51,2403.02
2023-12-01,EMEA,P100,CUST_024,983.47,2434.13
2023-12-01,EMEA,P100,CUST_025,1263.78,2365.84
2023-12-01,EMEA,P100,CUST_030,1396.42,2352.71
2023-12-01,EMEA,P100,CUST_034,2141.06,2320.17
2023-12-01,EMEA,P100,CUST_040,1072.98,2313.28
2023-12-01,EMEA,P100,CUST_017,760.82,2308.24
2023-12-01,EMEA,P100,CUST_013,2313.66,2373.48
2023-12-01,EMEA,P100,CUST_037,1496.7,2308.96
2023-12-01,EMEA,P200,CUST_004,63.57,2005.01
2023-12-01,EMEA,P200,CUST_005,585.21,2029.93
2023-12-01,EMEA,P200,CUST_009,148.58,1979.24
2023-12-01,EMEA,P200,CUST_012,1082.24,2036.43
2023-12-01,EMEA,P200,CUST_016,1417.21,2087.1
2023-12-01,EMEA,P200,CUST_020,2130.23,2047.68
2023-12-01,EMEA,P200,CUST_021,783.24,2039.81
2023-12-01,EMEA,P200,CUST_023,2588.43,2056.76
2023-12-01,EMEA,P200,CUST_024,993.45,1985.71
2023-12-01,EMEA,P200,CUST_025,1597.71,1943.84
2023-12-01,EMEA,P200,CUST_030,480.14,2051.59
2023-12-01,EMEA,P200,CUST_034,593.0,1942.18
2023-12-01,EMEA,P200,CUST_040,0.12,2006.2
2023-12-01,EMEA,P200,CUST_038,48.72,1996.52
2023-12-01,EMEA,P200,CUST_007,880.5,1950.17
2023-12-01,EMEA,P200,CUST_010,367.7,2031.31
2023-12-01,APAC,P100,CUST_007,1462.6,2258.4
2023-12-01,APAC,P100,CUST_022,1595.32,2279.29
2023-12-01,APAC,P100,CUST_038,3636.31,2284.28
2023-12-01,APAC,P100,CUST_039,631.28,2167.75
2023-12-01,APAC,P100,CUST_040,2117.85,2276.95
2023-12-01,APAC,P100,CUST_016,631.05,2245.06
2023-12-01,APAC,P100,CUST_033,1353.12,2210.52
2023-12-01,APAC,P200,CUST_007,495.07,1968.08
2023-12-01,APAC,P200,CUST_022,430.56,1886.56
2023-12-01,APAC,P200,CUST_038,2076.35,1965.63
2023-12-01,APAC,P200,CUST_039,334.88,1886.88
2023-12-01,APAC,P200,CUST_021,1222.3,1913.87
2023-12-01,APAC,P200,CUST_024,1654.65,1946.85
2023-12-01,APAC,P200,CUST_009,1953.29,1912.96
2024-01-01,NA,P100,CUST_002,2973.8,2545.1
2024-01-01,NA,P100,CUST_003,1222.76,2453.82
2024-01-01,NA,P100,CUST_006,2114.69,2508.91
2024-01-01,NA,P100,CUST_010,1301.75,2489.7
2024-01-01,NA,P100,CUST_011,927.04,2496.24
2024-01-01,NA,P100,CUST_013,2175.57,2513.67
2024-01-01,NA,P100,CUST_014,1994.32,2543.93
2024-01-01,NA,P100,CUST_015,2077.09,2570.18
2024-01-01,NA,P100,CUST_017,1879.94,2517.66
2024-01-01,NA,P100,CUST_018,4087.67,2503.97
2024-01-01,NA,P100,CUST_026,651.98,2499.11
2024-01-01,NA,P100,CUST_027,907.46,2374.44
2024-01-01,NA,P100,CUST_028,3919.03,2479.04
2024-01-01,NA,P100,CUST_029,759.66,2461.15
2024-01-01,NA,P100,CUST_032,438.04,2445.71
2024-01-01,NA,P100,CUST_033,620.46,2561.88
2024-01-01,NA,P100,CUST_035,2161.91,2436.25
2024-01-01,NA,P100,CUST_036,1580.81,2534.48
2024-01-01,NA,P100,CUST_037,648.21,2482.44
2024-01-01,NA,P100,CUST_034,592.8,2481.45
2024-01-01,NA,P100,CUST_004,139.25,2523.78
2024-01-01,NA,P200,CUST_002,593.48,2066.65
2024-01-01,NA,P200,CUST_006,88.01,2048.19
2024-01-01,NA,P200,CUST_010,304.43,2150.52
2024-01-01,NA,P200,CUST_011,1029.94,2145.88
2024-01-01,NA,P200,CUST_013,763.99,2107.99
2024-01-01,NA,P200,CUST_014,118.12,2137.47
2024-01-01,NA,P200,CUST_015,872.02,2092.33
2024-01-01,NA,P200,CUST_017,478.11,2112.77
2024-01-01,NA,P200,CUST_018,2628.66,2089.06
2024-01-01,NA,P200,CUST_026,845.83,2066.38
2024-01-01,NA,P200,CUST_027,550.44,2068.43
2024-01-01,NA,P200,CUST_028,827.05,2092.49
2024-01-01,NA,P200,CUST_029,370.13,2132.59
2024-01-01,NA,P200,CUST_032,322.25,2067.04
2024-01-01,NA,P200,CUST_033,552.99,2114.0
2024-01-01,NA,P200,CUST_035,43.07,2132.09
2024-01-01,NA,P200,CUST_036,967.34,2052.95
2024-01-01,NA,P200,CUST_037,2874.74,2042.25
2024-01-01,NA,P200,CUST_034,1956.86,2110.84
2024-01-01,NA,P200,CUST_020,2036.64,2112.03
2024-01-01,EMEA,P100,CUST_004,1574.12,2342.5
2024-01-01,EMEA,P100,CUST_005,363.87,2346.88
2024-01-01,EMEA,P100,CUST_009,2939.03,2413.13
2024-01-01,EMEA,P100,CUST_012,840.08,2357.95
2024-01-01,EMEA,P100,CUST_016,665.71,2346.68
2024-01-01,EMEA,P100,CUST_020,732.35,2315.8
2024-01-01,EMEA,P100,CUST_021,1808.63,2416.52
2024-01-01,EMEA,P100,CUST_023,1547.7,2354.28
2024-01-01,EMEA,P100,CUST_024,1130.56,2397.3
2024-01-01,EMEA,P100,CUST_025,7771.04,2389.5
2024-01-01,EMEA,P100,CUST_030,1657.09,2292.92
2024-01-01,EMEA,P100,CUST_034,2452.76,2412.71
2024-01-01,EMEA,P100,CUST_040,3509.7,2366.0
2024-01-01,EMEA,P100,CUST_032,1803.3,2393.37
2024-01-01,EMEA,P100,CUST_022,1055.21,2426.1
2024-01-01,EMEA,P200,CUST_004,25.65,1976.73
2024-01-01,EMEA,P200,CUST_005,530.81,1915.13
2024-01-01,EMEA,P200,CUST_009,299.46,1966.35
2024-01-01,EMEA,P200,CUST_012,415.47,2000.04
2024-01-01,EMEA,P200,CUST_016,15.97,2023.52
2024-01-01,EMEA,P200,CUST_020,1668.37,1970.18
2024-01-01,EMEA,P200,CUST_021,379.3,1965.42
2024-01-01,EMEA,P200,CUST_023,343.01,1946.26
2024-01-01,EMEA,P200,CUST_024,1341.28,2092.37
2024-01-01,EMEA,P200,CUST_025,2113.94,1904.74
2024-01-01,EMEA,P200,CUST_030,2926.07,2030.94
2024-01-01,EMEA,P200,CUST_034,539.65,1962.8
2024-01-01,EMEA,P200,CUST_040,192.02,2009.7
2024-01-01,EMEA,P200,CUST_037,1059.74,2043.08
2024-01-01,EMEA,P200,CUST_032,572.44,2003.31
2024-01-01,EMEA,P200,CUST_002,241.46,2007.43
2024-01-01,APAC,P100,CUST_007,919.47,2289.65
2024-01-01,APAC,P100,CUST_022,404.38,2254.14
2024-01-01,APAC,P100,CUST_038,4491.22,2294.78
2024-01-01,APAC,P100,CUST_039,242.0,2231.24
2024-01-01,APAC,P100,CUST_015,5771.32,2203.32
2024-01-01,APAC,P100,CUST_024,806.89,2227.6
2024-01-01,APAC,P100,CUST_009,2827.44,2327.59
2024-01-01,APAC,P200,CUST_007,3937.57,1956.14
2024-01-01,APAC,P200,CUST_022,671.72,1948.12
2024-01-01,APAC,P200,CUST_038,824.79,1990.35
2024-01-01,APAC,P200,CUST_039,345.54,1921.34
2024-01-01,APAC,P200,CUST_026,2.39,1934.78
2024-01-01,APAC,P200,CUST_002,941.85,1943.23
2024-01-01,APAC,P200,CUST_012,1401.25,1947.34
2024-02-01,NA,P100,CUST_002,2705.08,2508.14
2024-02-01,NA,P100,CUST_003,629.01,2507.29
2024-02-01,NA,P100,CUST_006,1282.51,2530.96
2024-02-01,NA,P100,CUST_010,2642.0,2551.93
2024-02-01,NA,P100,CUST_011,5084.85,2446.55
2024-02-01,NA,P100,CUST_013,6156.22,2504.3
2024-02-01,NA,P100,CUST_014,694.64,2531.68
2024-02-01,NA,P100,CUST_015,4113.95,2448.45
2024-02-01,NA,P100,CUST_017,3040.42,2579.14
2024-02-01,NA,P100,CUST_018,1636.68,2582.44
2024-02-01,NA,P100,CUST_026,1177.44,2440.81
2024-02-01,NA,P100,CUST_027,3286.35,2561.11
2024-02-01,NA,P100,CUST_028,1821.54,2442.33
2024-02-01,NA,P100,CUST_029,79.2,2499.22
2024-02-01,NA,P100,CUST_032,274.56,2471.23
2024-02-01,NA,P100,CUST_033,1189.03,2454.78
2024-02-01,NA,P100,CUST_035,1532.28,2548.93
2024-02-01,NA,P100,CUST_036,748.71,2473.46
2024-02-01,NA,P100,CUST_037,773.47,2498.59
2024-02-01,NA,P100,CUST_004,484.58,2474.71
2024-02-01,NA,P100,CUST_007,295.84,2591.99
2024-02-01,NA,P200,CUST_002,180.09,2112.49
2024-02-01,NA,P200,CUST_003,338.65,2104.37
2024-02-01,NA,P200,CUST_006,34.96,2095.21
2024-02-01,NA,P200,CUST_010,1199.53,2102.21
2024-02-01,NA,P200,CUST_011,258.64,2166.41
2024-02-01,NA,P200,CUST_013,80.79,2189.87
2024-02-01,NA,P200,CUST_014,1739.03,2093.52
2024-02-01,NA,P200,CUST_015,2157.77,2111.73
2024-02-01,NA,P200,CUST_017,9.34,2110.83
2024-02-01,NA,P200,CUST_018,1089.76,2132.25
2024-02-01,NA,P200,CUST_026,863.72,2144.67
2024-02-01,NA,P200,CUST_027,295.48,2146.33
2024-02-01,NA,P200,CUST_028,1444.84,2175.17
2024-02-01,NA,P200,CUST_029,88.76,2141.0
2024-02-01,NA,P200,CUST_032,141.07,2156.77
2024-02-01,NA,P200,CUST_033,1504.33,2116.43
2024-02-01,NA,P200,CUST_035,335.08,2157.94
2024-02-01,NA,P200,CUST_036,701.33,2075.56
2024-02-01,NA,P200,CUST_037,1575.85,2116.13
2024-02-01,NA,P200,CUST_021,3347.17,2078.13
2024-02-01,NA,P200,CUST_039,620.22,2158.11
2024-02-01,NA,P200,CUST_012,1251.48,2124.92
2024-02-01,EMEA,P100,CUST_004,2153.03,2427.91
2024-02-01,EMEA,P100,CUST_005,2520.93,2348.9
2024-02-01,EMEA,P100,CUST_009,2807.2,2412.19
2024-02-01,EMEA,P100,CUST_012,5844.3,2378.83
2024-02-01,EMEA,P100,CUST_016,3304.01,2428.24
2024-02-01,EMEA,P100,CUST_020,1599.12,2342.87
2024-02-01,EMEA,P100,CUST_021,619.18,2351.86
2024-02-01,EMEA,P100,CUST_023,1208.26,2341.59
2024-02-01,EMEA,P100,CUST_024,2192.17,2434.23
2024-02-01,EMEA,P100,CUST_025,3783.5,2323.77
2024-02-01,EMEA,P100,CUST_030,765.5,2315.78
2024-02-01,EMEA,P100,CUST_034,1202.03,2396.33
2024-02-01,EMEA,P100,CUST_040,1822.41,2298.83
2024-02-01,EMEA,P100,CUST_035,1449.03,2341.83
2024-02-01,EMEA,P100,CUST_018,1904.86,2363.16
2024-02-01,EMEA,P200,CUST_004,50.02,1972.93
2024-02-01,EMEA,P200,CUST_005,471.99,2043.86
2024-02-01,EMEA,P200,CUST_009,1243.72,2049.0
2024-02-01,EMEA,P200,CUST_012,2179.75,2059.5
2024-02-01,EMEA,P200,CUST_016,309.65,1976.61
2024-02-01,EMEA,P200,CUST_020,1753.05,2017.81
2024-02-01,EMEA,P200,CUST_021,265.07,2042.63
2024-02-01,EMEA,P200,CUST_023,1682.47,2053.6
2024-02-01,EMEA,P200,CUST_024,1062.2,2037.53
2024-02-01,EMEA,P200,CUST_025,1189.57,2009.15
2024-02-01,EMEA,P200,CUST_030,1042.57,2056.26
2024-02-01,EMEA,P200,CUST_034,617.52,2099.67
2024-02-01,EMEA,P200,CUST_040,253.15,2059.92
2024-02-01,EMEA,P200,CUST_013,44.53,2024.49
2024-02-01,EMEA,P200,CUST_017,254.59,1976.56
2024-02-01,APAC,P100,CUST_007,4530.68,2255.54
2024-02-01,APAC,P100,CUST_022,3267.73,2252.56
2024-02-01,APAC,P100,CUST_038,6469.19,2280.24
2024-02-01,APAC,P100,CUST_039,397.57,2271.23
2024-02-01,APAC,P100,CUST_011,502.25,2236.28
2024-02-01,APAC,P100,CUST_024,1861.51,2196.24
2024-02-01,APAC,P200,CUST_007,294.7,1914.44
2024-02-01,APAC,P200,CUST_022,2174.19,1971.38
2024-02-01,APAC,P200,CUST_038,1305.9,1917.0
2024-02-01,APAC,P200,CUST_039,3.75,1929.14
2024-02-01,APAC,P200,CUST_015,1670.53,1942.23
2024-02-01,APAC,P200,CUST_012,2949.21,1958.38
2024-02-01,APAC,P200,CUST_029,49.8,1900.87
2024-03-01,NA,P100,CUST_002,6276.47,2479.27
2024-03-01,NA,P100,CUST_003,770.13,2422.31
2024-03-01,NA,P100,CUST_006,3181.25,2544.12
2024-03-01,NA,P100,CUST_010,2037.46,2434.88
2024-03-01,NA,P100,CUST_011,6067.76,2515.15
2024-03-01,NA,P100,CUST_013,3892.66,2540.68
2024-03-01,NA,P100,CUST_014,5590.11,2432.68
2024-03-01,NA,P100,CUST_015,536.91,2494.7
2024-03-01,NA,P100,CUST_017,3634.42,2527.42
2024-03-01,NA,P100,CUST_018,1361.66,2491.99
2024-03-01,NA,P100,CUST_026,7752.8,2528.11
2024-03-01,NA,P100,CUST_027,2190.12,2480.83
2024-03-01,NA,P100,CUST_028,254.11,2529.77
2024-03-01,NA,P100,CUST_029,450.7,2535.8
2024-03-01,NA,P100,CUST_032,206.41,2467.92
2024-03-01,NA,P100,CUST_033,1478.13,2497.07
2024-03-01,NA,P100,CUST_035,5076.96,2461.15
2024-03-01,NA,P100,CUST_036,2697.52,2570.91
2024-03-01,NA,P100,CUST_037,904.26,2559.84
2024-03-01,NA,P100,CUST_039,980.11,2465.23
2024-03-01,NA,P100,CUST_016,576.66,2481.4
2024-03-01,NA,P200,CUST_002,63.02,2128.22
2024-03-01,NA,P200,CUST_003,922.35,2072.71
2024-03-01,NA,P200,CUST_006,69.31,2053.07
2024-03-01,NA,P200,CUST_010,408.45,2017.88
2024-03-01,NA,P200,CUST_011,704.53,2132.62
2024-03-01,NA,P200,CUST_013,286.24,2185.89
2024-03-01,NA,P200,CUST_014,768.49,2082.1
2024-03-01,NA,P200,CUST_015,1222.81,2132.17
2024-03-01,NA,P200,CUST_017,465.92,2060.84
2024-03-01,NA,P200,CUST_018,1763.42,2108.86
2024-03-01,NA,P200,CUST_026,364.43,2133.67
2024-03-01,NA,P200,CUST_027,2187.48,2076.91
2024-03-01,NA,P200,CUST_028,325.99,2104.13
2024-03-01,NA,P200,CUST_029,2076.97,2133.8
2024-03-01,NA,P200,CUST_032,686.57,2097.18
2024-03-01,NA,P200,CUST_033,545.38,2142.1
2024-03-01,NA,P200,CUST_035,8.64,2152.34
2024-03-01,NA,P200,CUST_036,737.05,2065.79
2024-03-01,NA,P200,CUST_037,1246.03,2097.51
2024-03-01,NA,P200,CUST_009,381.03,2058.06
2024-03-01,NA,P200,CUST_022,1421.82,2087.82
2024-03-01,EMEA,P100,CUST_004,2850.57,2325.99
2024-03-01,EMEA,P100,CUST_005,3362.33,2364.39
2024-03-01,EMEA,P100,CUST_009,4413.82,2282.74
2024-03-01,EMEA,P100,CUST_012,3154.95,2360.11
2024-03-01,EMEA,P100,CUST_016,957.21,2315.08
2024-03-01,EMEA,P100,CUST_020,1710.86,2347.47
2024-03-01,EMEA,P100,CUST_021,828.61,2421.46
2024-03-01,EMEA,P100,CUST_023,3393.43,2325.04
2024-03-01,EMEA,P100,CUST_024,569.3,2346.81
2024-03-01,EMEA,P100,CUST_025,766.95,2414.01
2024-03-01,EMEA,P100,CUST_030,3634.02,2337.22
2024-03-01,EMEA,P100,CUST_034,464.94,2370.9
2024-03-01,EMEA,P100,CUST_040,4218.34,2409.95
2024-03-01,EMEA,P100,CUST_032,653.52,2358.14
2024-03-01,EMEA,P100,CUST_017,3322.77,2337.47
2024-03-01,EMEA,P100,CUST_033,1097.98,2402.97
2024-03-01,EMEA,P200,CUST_004,129.95,2005.72
2024-03-01,EMEA,P200,CUST_005,350.1,2029.6
2024-03-01,EMEA,P200,CUST_009,502.43,2081.65
2024-03-01,EMEA,P200,CUST_012,12.94,2004.41
2024-03-01,EMEA,P200,CUST_016,394.53,2077.68
2024-03-01,EMEA,P200,CUST_020,400.56,2049.35
2024-03-01,EMEA,P200,CUST_021,179.59,2017.13
2024-03-01,EMEA,P200,CUST_023,85.16,2103.45
2024-03-01,EMEA,P200,CUST_024,1615.33,2018.09
2024-03-01,EMEA,P200,CUST_025,70.27,2007.53
2024-03-01,EMEA,P200,CUST_030,3240.15,2038.13
2024-03-01,EMEA,P200,CUST_034,1026.17,1994.14
2024-03-01,EMEA,P200,CUST_040,111.2,1943.29
2024-03-01,EMEA,P200,CUST_015,281.84,1945.99
2024-03-01,EMEA,P200,CUST_032,1091.36,1984.32
2024-03-01,EMEA,P200,CUST_026,376.14,1919.49
2024-03-01,APAC,P100,CUST_007,1627.67,2229.79
2024-03-01,APAC,P100,CUST_022,2507.97,2254.12
2024-03-01,APAC,P100,CUST_038,2174.74,2284.88
2024-03-01,APAC,P100,CUST_039,1365.06,2279.61
2024-03-01,APAC,P100,CUST_014,2421.05,2221.05
2024-03-01,APAC,P100,CUST_024,1975.63,2253.32
2024-03-01,APAC,P100,CUST_012,11368.36,2316.66
2024-03-01,APAC,P200,CUST_007,839.45,1951.56
2024-03-01,APAC,P200,CUST_022,1114.79,2014.87
2024-03-01,APAC,P200,CUST_038,1583.61,1934.78
2024-03-01,APAC,P200,CUST_039,1061.65,1899.85
2024-03-01,APAC,P200,CUST_023,274.5,1983.04
2024-03-01,APAC,P200,CUST_006,1030.67,1972.6
2024-03-01,APAC,P200,CUST_030,150.4,1914.97
2024-04-01,NA,P100,CUST_002,770.33,2520.3
2024-04-01,NA,P100,CUST_003,571.27,2457.13
2024-04-01,NA,P100,CUST_006,1427.3,2439.12
2024-04-01,NA,P100,CUST_010,8791.95,2471.97
2024-04-01,NA,P100,CUST_011,2427.51,2552.13
2024-04-01,NA,P100,CUST_013,1607.21,2547.57
2024-04-01,NA,P100,CUST_014,6578.45,2483.92
2024-04-01,NA,P100,CUST_015,2061.83,2602.95
2024-04-01,NA,P100,CUST_017,3788.66,2410.76
2024-04-01,NA,P100,CUST_018,1173.68,2512.85
2024-04-01,NA,P100,CUST_026,3787.45,2532.07
2024-04-01,NA,P100,CUST_027,515.93,2608.19
2024-04-01,NA,P100,CUST_028,1834.0,2477.71
2024-04-01,NA,P100,CUST_029,601.58,2430.68
2024-04-01,NA,P100,CUST_031,3220.93,2453.6
2024-04-01,NA,P100,CUST_032,296.76,2353.97
2024-04-01,NA,P100,CUST_033,1460.16,2559.72
2024-04-01,NA,P100,CUST_035,1206.4,2497.02
2024-04-01,NA,P100,CUST_036,1921.93,2468.07
2024-04-01,NA,P100,CUST_037,563.54,2486.37
2024-04-01,NA,P100,CUST_024,3138.51,2489.76
2024-04-01,NA,P100,CUST_025,3894.43,2470.93
2024-04-01,NA,P100,CUST_005,2130.4,2525.45
2024-04-01,NA,P200,CUST_002,169.62,2129.46
2024-04-01,NA,P200,CUST_003,247.13,2148.68
2024-04-01,NA,P200,CUST_006,280.22,2128.63
2024-04-01,NA,P200,CUST_010,749.52,2078.3
2024-04-01,NA,P200,CUST_011,2011.11,2054.71
2024-04-01,NA,P200,CUST_013,2028.61,2049.1
2024-04-01,NA,P200,CUST_014,1794.77,2119.5
2024-04-01,NA,P200,CUST_015,885.58,2071.38
2024-04-01,NA,P200,CUST_017,36.02,2035.92
2024-04-01,NA,P200,CUST_018,987.26,2089.36
2024-04-01,NA,P200,CUST_026,4.16,2033.26
2024-04-01,NA,P200,CUST_027,372.92,2169.4
2024-04-01,NA,P200,CUST_028,24.83,2118.26
2024-04-01,NA,P200,CUST_029,90.01,2106.62
2024-04-01,NA,P200,CUST_031,633.06,2080.07
2024-04-01,NA,P200,CUST_032,243.01,2084.25
2024-04-01,NA,P200,CUST_033,736.38,2152.83
2024-04-01,NA,P200,CUST_035,474.75,2078.84
2024-04-01,NA,P200,CUST_036,881.32,2129.72
2024-04-01,NA,P200,CUST_037,662.77,2130.38
2024-04-01,NA,P200,CUST_020,1275.22,2147.71
2024-04-01,NA,P200,CUST_007,1083.52,2065.38
2024-04-01,NA,P200,CUST_038,236.83,2136.06
2024-04-01,EMEA,P100,CUST_004,1893.21,2339.74
2024-04-01,EMEA,P100,CUST_005,6187.96,2377.65
2024-04-01,EMEA,P100,CUST_009,1380.52,2377.12
2024-04-01,EMEA,P100,CUST_012,790.34,2305.46
2024-04-01,EMEA,P100,CUST_016,719.83,2291.62
2024-04-01,EMEA,P100,CUST_020,237.73,2340.2
2024-04-01,EMEA,P100,CUST_021,4497.94,2357.23
2024-04-01,EMEA,P100,CUST_023,3463.05,2346.85
2024-04-01,EMEA,P100,CUST_024,573.5,2317.24
2024-04-01,EMEA,P100,CUST_025,2786.62,2356.83
2024-04-01,EMEA,P100,CUST_030,780.18,2361.79
2024-04-01,EMEA,P100,CUST_034,1918.42,2309.66
2024-04-01,EMEA,P100,CUST_040,1170.55,2399.54
2024-04-01,EMEA,P100,CUST_014,2296.95,2244.41
2024-04-01,EMEA,P100,CUST_033,1614.7,2301.8
2024-04-01,EMEA,P100,CUST_029,3128.61,2380.27
2024-04-01,EMEA,P200,CUST_004,21.64,1969.26
2024-04-01,EMEA,P200,CUST_005,150.48,2002.38
2024-04-01,EMEA,P200,CUST_009,1783.94,2015.95
2024-04-01,EMEA,P200,CUST_012,143.64,1961.95
2024-04-01,EMEA,P200,CUST_016,948.63,2052.28
2024-04-01,EMEA,P200,CUST_020,387.2,2017.63
2024-04-01,EMEA,P200,CUST_021,802.16,1924.93
2024-04-01,EMEA,P200,CUST_023,447.34,1996.49
2024-04-01,EMEA,P200,CUST_024,663.91,1962.78
2024-04-01,EMEA,P200,CUST_025,2322.59,1910.83
2024-04-01,EMEA,P200,CUST_030,443.99,1951.29
2024-04-01,EMEA,P200,CUST_034,211.69,2056.61
2024-04-01,EMEA,P200,CUST_040,45.29,2004.47
2024-04-01,EMEA,P200,CUST_027,575.96,1949.86
2024-04-01,EMEA,P200,CUST_039,0.13,2004.11
2024-04-01,EMEA,P200,CUST_033,4642.82,1963.07
2024-04-01,APAC,P100,CUST_007,1001.19,2235.75
2024-04-01,APAC,P100,CUST_022,7242.02,2184.42
2024-04-01,APAC,P100,CUST_038,4669.37,2272.78
2024-04-01,APAC,P100,CUST_039,1854.41,2265.88
2024-04-01,APAC,P100,CUST_018,2936.16,2210.66
2024-04-01,APAC,P100,CUST_015,2346.19,2321.52
2024-04-01,APAC,P100,CUST_027,559.28,2237.49
2024-04-01,APAC,P200,CUST_007,160.06,1982.87
2024-04-01,APAC,P200,CUST_022,2837.64,1986.62
2024-04-01,APAC,P200,CUST_038,509.66,1979.72
2024-04-01,APAC,P200,CUST_039,393.72,1926.28
2024-04-01,APAC,P200,CUST_009,3162.16,1981.89
2024-04-01,APAC,P200,CUST_029,234.55,1987.07
2024-04-01,APAC,P200,CUST_013,353.74,1973.25
2024-05-01,NA,P100,CUST_002,3443.71,2516.16
2024-05-01,NA,P100,CUST_003,730.47,2520.39
2024-05-01,NA,P100,CUST_006,3359.21,2414.66
2024-05-01,NA,P100,CUST_010,2180.24,2496.94
2024-05-01,NA,P100,CUST_011,4724.01,2537.36
2024-05-01,NA,P100,CUST_013,2316.09,2578.84
2024-05-01,NA,P100,CUST_014,3259.37,2481.51
2024-05-01,NA,P100,CUST_015,1366.12,2428.09
2024-05-01,NA,P100,CUST_017,2258.01,2525.02
2024-05-01,NA,P100,CUST_018,721.42,2560.12
2024-05-01,NA,P100,CUST_026,2474.02,2499.73
2024-05-01,NA,P100,CUST_027,1198.93,2463.66
2024-05-01,NA,P100,CUST_028,2550.71,2471.21
2024-05-01,NA,P100,CUST_029,4965.24,2549.1
2024-05-01,NA,P100,CUST_031,1100.62,2586.96
2024-05-01,NA,P100,CUST_032,1236.04,2417.38
2024-05-01,NA,P100,CUST_033,654.81,2512.23
2024-05-01,NA,P100,CUST_035,156.64,2444.25
2024-05-01,NA,P100,CUST_036,2170.03,2510.15
2024-05-01,NA,P100,CUST_037,4565.24,2470.92
2024-05-01,NA,P100,CUST_004,1947.66,2564.21
2024-05-01,NA,P100,CUST_025,4574.65,2536.08
2024-05-01,NA,P100,CUST_022,1235.76,2536.48
2024-05-01,NA,P200,CUST_002,176.91,2037.09
2024-05-01,NA,P200,CUST_003,704.96,2095.8
2024-05-01,NA,P200,CUST_006,25.84,2140.38
2024-05-01,NA,P200,CUST_010,388.29,2120.05
2024-05-01,NA,P200,CUST_011,913.17,2075.32
2024-05-01,NA,P200,CUST_013,325.17,2140.36
2024-05-01,NA,P200,CUST_014,835.37,2087.56
2024-05-01,NA,P200,CUST_015,620.09,2104.26
2024-05-01,NA,P200,CUST_017,411.92,2035.25
2024-05-01,NA,P200,CUST_018,18.69,2088.06
2024-05-01,NA,P200,CUST_026,76.04,2080.67
2024-05-01,NA,P200,CUST_027,1077.13,2129.45
2024-05-01,NA,P200,CUST_028,1.0,2114.58
2024-05-01,NA,P200,CUST_029,331.5,2098.31
2024-05-01,NA,P200,CUST_031,95.41,2074.33
2024-05-01,NA,P200,CUST_032,759.67,2063.45
2024-05-01,NA,P200,CUST_033,1596.7,2069.43
2024-05-01,NA,P200,CUST_035,1366.22,2141.89
2024-05-01,NA,P200,CUST_036,748.17,2049.06
2024-05-01,NA,P200,CUST_037,1023.6,2026.1
2024-05-01,NA,P200,CUST_016,869.39,2041.88
2024-05-01,NA,P200,CUST_022,1016.33,2083.42
2024-05-01,NA,P200,CUST_034,778.78,2131.8
2024-05-01,EMEA,P100,CUST_004,885.04,2408.33
2024-05-01,EMEA,P100,CUST_005,3304.62,2379.52
2024-05-01,EMEA,P100,CUST_009,2653.26,2319.34
2024-05-01,EMEA,P100,CUST_012,1176.81,2355.83
2024-05-01,EMEA,P100,CUST_016,1883.24,2355.45
2024-05-01,EMEA,P100,CUST_020,6222.33,2364.56
2024-05-01,EMEA,P100,CUST_021,830.85,2322.45
2024-05-01,EMEA,P100,CUST_023,5934.23,2231.28
2024-05-01,EMEA,P100,CUST_024,725.75,2387.58
2024-05-01,EMEA,P100,CUST_025,2736.95,2275.12
2024-05-01,EMEA,P100,CUST_030,5328.86,2390.98
2024-05-01,EMEA,P100,CUST_034,443.23,2386.73
2024-05-01,EMEA,P100,CUST_040,872.56,2363.45
2024-05-01,EMEA,P100,CUST_018,5231.07,2369.77
2024-05-01,EMEA,P100,CUST_039,4428.06,2361.63
2024-05-01,EMEA,P100,CUST_036,3942.62,2317.57
2024-05-01,EMEA,P200,CUST_004,208.62,1978.88
2024-05-01,EMEA,P200,CUST_005,2.33,1971.31
2024-05-01,EMEA,P200,CUST_009,2253.88,2015.83
2024-05-01,EMEA,P200,CUST_012,527.36,2054.44
2024-05-01,EMEA,P200,CUST_016,1558.81,1977.16
2024-05-01,EMEA,P200,CUST_020,1022.85,1999.07
2024-05-01,EMEA,P200,CUST_021,168.52,1920.01
2024-05-01,EMEA,P200,CUST_023,208.11,1950.52
2024-05-01,EMEA,P200,CUST_024,689.86,1934.13
2024-05-01,EMEA,P200,CUST_025,866.73,2022.15
2024-05-01,EMEA,P200,CUST_030,103.82,1998.38
2024-05-01,EMEA,P200,CUST_034,577.09,1988.57
2024-05-01,EMEA,P200,CUST_040,662.19,1996.12
2024-05-01,EMEA,P200,CUST_002,978.08,1995.08
2024-05-01,EMEA,P200,CUST_026,1.76,2007.01
2024-05-01,EMEA,P200,CUST_017,521.91,1991.97
2024-05-01,APAC,P100,CUST_007,5817.49,2233.15
2024-05-01,APAC,P100,CUST_022,1347.57,2251.64
2024-05-01,APAC,P100,CUST_038,4248.39,2245.62
2024-05-01,APAC,P100,CUST_039,2244.59,2282.21
2024-05-01,APAC,P100,CUST_030,2829.4,2226.72
2024-05-01,APAC,P100,CUST_024,2880.88,2194.05
2024-05-01,APAC,P100,CUST_020,2795.37,2283.26
2024-05-01,APAC,P200,CUST_007,523.89,1893.68
2024-05-01,APAC,P200,CUST_022,5361.87,1990.47
2024-05-01,APAC,P200,CUST_038,549.92,1966.23
2024-05-01,APAC,P200,CUST_039,26.44,1963.41
2024-05-01,APAC,P200,CUST_014,1044.74,1895.06
2024-05-01,APAC,P200,CUST_024,138.23,1903.54
2024-05-01,APAC,P200,CUST_009,319.23,1948.75
2024-06-01,NA,P100,CUST_002,3035.88,2539.22
2024-06-01,NA,P100,CUST_003,1507.18,2481.71
2024-06-01,NA,P100,CUST_006,809.46,2483.43
2024-06-01,NA,P100,CUST_010,6616.22,2541.75
2024-06-01,NA,P100,CUST_011,2984.22,2533.32
2024-06-01,NA,P100,CUST_013,487.89,2427.57
2024-06-01,NA,P100,CUST_014,5151.83,2427.03
2024-06-01,NA,P100,CUST_015,2506.98,2542.99
2024-06-01,NA,P100,CUST_017,2035.78,2514.47
2024-06-01,NA,P100,CUST_018,1088.24,2542.15
2024-06-01,NA,P100,CUST_026,867.1,2587.15
2024-06-01,NA,P100,CUST_027,1306.7,2500.46
2024-06-01,NA,P100,CUST_028,73.96,2401.86
2024-06-01,NA,P100,CUST_029,3204.68,2455.9
2024-06-01,NA,P100,CUST_031,6131.99,2449.61
2024-06-01,NA,P100,CUST_032,6256.5,2425.52
2024-06-01,NA,P100,CUST_033,3059.31,2382.23
2024-06-01,NA,P100,CUST_035,2336.33,2605.15
2024-06-01,NA,P100,CUST_036,3611.29,2424.0
2024-06-01,NA,P100,CUST_037,1273.82,2411.6
2024-06-01,NA,P100,CUST_038,248.15,2609.63
2024-06-01,NA,P100,CUST_022,1562.12,2497.92
2024-06-01,NA,P200,CUST_002,610.25,2106.12
2024-06-01,NA,P200,CUST_003,6.23,2044.32
2024-06-01,NA,P200,CUST_006,368.33,2082.05
2024-06-01,NA,P200,CUST_010,993.03,2051.13
2024-06-01,NA,P200,CUST_011,687.61,2056.15
2024-06-01,NA,P200,CUST_013,189.6,2142.19
2024-06-01,NA,P200,CUST_014,584.37,2000.9
2024-06-01,NA,P200,CUST_015,2032.42,1992.54
2024-06-01,NA,P200,CUST_017,267.91,2013.92
2024-06-01,NA,P200,CUST_018,52.56,2147.47
2024-06-01,NA,P200,CUST_026,1568.24,2046.52
2024-06-01,NA,P200,CUST_027,247.41,2182.15
2024-06-01,NA,P200,CUST_028,1221.0,2015.15
2024-06-01,NA,P200,CUST_029,13.38,2123.46
2024-06-01,NA,P200,CUST_031,597.24,2151.88
2024-06-01,NA,P200,CUST_032,2053.11,2058.21
2024-06-01,NA,P200,CUST_033,603.89,2145.4
2024-06-01,NA,P200,CUST_035,1744.14,2082.44
2024-06-01,NA,P200,CUST_036,398.31,2036.83
2024-06-01,NA,P200,CUST_037,496.35,2080.01
2024-06-01,NA,P200,CUST_005,128.72,2101.93
2024-06-01,NA,P200,CUST_034,1350.35,2144.99
2024-06-01,NA,P200,CUST_039,1253.42,2041.28
2024-06-01,EMEA,P100,CUST_004,838.27,2311.01
2024-06-01,EMEA,P100,CUST_005,2904.31,2431.77
2024-06-01,EMEA,P100,CUST_009,1503.72,2371.65
2024-06-01,EMEA,P100,CUST_012,593.0,2354.14
2024-06-01,EMEA,P100,CUST_016,2097.08,2399.66
2024-06-01,EMEA,P100,CUST_020,1479.53,2313.27
2024-06-01,EMEA,P100,CUST_021,1897.74,2445.19
2024-06-01,EMEA,P100,CUST_023,517.46,2283.34
2024-06-01,EMEA,P100,CUST_024,6250.93,2348.9
2024-06-01,EMEA,P100,CUST_025,1641.1,2388.55
2024-06-01,EMEA,P100,CUST_030,930.75,2400.33
2024-06-01,EMEA,P100,CUST_034,2452.79,2414.09
2024-06-01,EMEA,P100,CUST_040,566.98,2422.63
2024-06-01,EMEA,P100,CUST_007,2509.66,2383.6
2024-06-01,EMEA,P100,CUST_033,1086.07,2374.68
2024-06-01,EMEA,P100,CUST_006,2667.25,2392.74
2024-06-01,EMEA,P200,CUST_004,101.31,2002.55
2024-06-01,EMEA,P200,CUST_005,459.02,2022.03
2024-06-01,EMEA,P200,CUST_009,1685.61,1969.54
2024-06-01,EMEA,P200,CUST_012,532.33,2024.66
2024-06-01,EMEA,P200,CUST_016,201.68,2028.1
2024-06-01,EMEA,P200,CUST_020,2488.58,1978.57
2024-06-01,EMEA,P200,CUST_021,729.53,1938.04
2024-06-01,EMEA,P200,CUST_023,110.35,1981.41
2024-06-01,EMEA,P200,CUST_024,348.49,1998.35
2024-06-01,EMEA,P200,CUST_025,1627.52,1934.53
2024-06-01,EMEA,P200,CUST_030,1574.39,2024.82
2024-06-01,EMEA,P200,CUST_034,870.61,2026.34
2024-06-01,EMEA,P200,CUST_040,184.72,1991.47
2024-06-01,EMEA,P200,CUST_003,409.46,2027.63
2024-06-01,EMEA,P200,CUST_027,1809.57,2020.72
2024-06-01,EMEA,P200,CUST_013,1575.35,1976.48
2024-06-01,APAC,P100,CUST_007,38.15,2245.8
2024-06-01,APAC,P100,CUST_022,1650.5,2245.29
2024-06-01,APAC,P100,CUST_038,3870.3,2232.92
2024-06-01,APAC,P100,CUST_039,2551.38,2266.27
2024-06-01,APAC,P100,CUST_004,4472.48,2255.84
2024-06-01,APAC,P100,CUST_027,932.86,2196.64
2024-06-01,APAC,P100,CUST_002,6989.87,2293.85
2024-06-01,APAC,P200,CUST_007,1109.69,2005.11
2024-06-01,APAC,P200,CUST_022,2025.26,1963.29
2024-06-01,APAC,P200,CUST_038,1420.29,1984.81
2024-06-01,APAC,P200,CUST_039,1355.28,1851.74
2024-06-01,APAC,P200,CUST_034,752.88,1875.48
2024-06-01,APAC,P200,CUST_030,1412.21,2002.76
2024-06-01,APAC,P200,CUST_003,329.9,1872.57
2024-07-01,NA,P100,CUST_002,992.78,2598.34
2024-07-01,NA,P100,CUST_003,3633.29,2584.86
2024-07-01,NA,P100,CUST_006,4343.76,2547.82
2024-07-01,NA,P100,CUST_010,4609.18,2471.34
2024-07-01,NA,P100,CUST_011,1722.09,2546.47
2024-07-01,NA,P100,CUST_013,3596.77,2534.55
2024-07-01,NA,P100,CUST_014,3549.94,2474.56
2024-07-01,NA,P100,CUST_015,1026.73,2532.42
2024-07-01,NA,P100,CUST_017,4499.52,2479.37
2024-07-01,NA,P100,CUST_018,932.76,2554.0
2024-07-01,NA,P100,CUST_026,1266.16,2429.2
2024-07-01,NA,P100,CUST_027,394.93,2540.62
2024-07-01,NA,P100,CUST_028,1971.92,2449.26
2024-07-01,NA,P100,CUST_029,884.14,2555.37
2024-07-01,NA,P100,CUST_031,471.26,2490.03
2024-07-01,NA,P100,CUST_032,1412.03,2509.67
2024-07-01,NA,P100,CUST_033,2724.45,2550.36
2024-07-01,NA,P100,CUST_035,2228.05,2536.6
2024-07-01,NA,P100,CUST_036,4626.93,2518.2
2024-07-01,NA,P100,CUST_037,3095.82,2503.08
2024-07-01,NA,P100,CUST_025,3411.3,2530.34
2024-07-01,NA,P100,CUST_009,1366.46,2525.43
2024-07-01,NA,P100,CUST_020,465.78,2460.05
2024-07-01,NA,P200,CUST_002,1675.32,2145.01
2024-07-01,NA,P200,CUST_003,1052.78,2119.46
2024-07-01,NA,P200,CUST_006,245.01,2134.1
2024-07-01,NA,P200,CUST_010,773.66,2100.35
2024-07-01,NA,P200,CUST_011,199.18,2101.83
2024-07-01,NA,P200,CUST_013,29.89,2067.18
2024-07-01,NA,P200,CUST_014,1367.43,2057.3
2024-07-01,NA,P200,CUST_015,948.06,2042.78
2024-07-01,NA,P200,CUST_017,277.03,2117.9
2024-07-01,NA,P200,CUST_018,263.15,2118.96
2024-07-01,NA,P200,CUST_026,73.47,2055.42
2024-07-01,NA,P200,CUST_027,913.12,2050.45
2024-07-01,NA,P200,CUST_028,6.28,2160.4
2024-07-01,NA,P200,CUST_029,1295.13,2058.61
2024-07-01,NA,P200,CUST_031,634.64,2090.55
2024-07-01,NA,P200,CUST_032,86.11,2013.69
2024-07-01,NA,P200,CUST_033,1782.0,2085.81
2024-07-01,NA,P200,CUST_035,113.4,2165.97
2024-07-01,NA,P200,CUST_036,883.78,2134.64
2024-07-01,NA,P200,CUST_037,306.94,2028.25
2024-07-01,NA,P200,CUST_039,28.42,2104.24
2024-07-01,NA,P200,CUST_012,1112.44,2021.51
2024-07-01,NA,P200,CUST_022,3493.53,2177.66
2024-07-01,EMEA,P100,CUST_004,1635.26,2409.28
2024-07-01,EMEA,P100,CUST_005,4318.35,2315.58
2024-07-01,EMEA,P100,CUST_009,2224.67,2405.32
2024-07-01,EMEA,P100,CUST_012,1008.83,2402.37
2024-07-01,EMEA,P100,CUST_016,1877.41,2447.82
2024-07-01,EMEA,P100,CUST_020,4672.91,2308.44
2024-07-01,EMEA,P100,CUST_021,2739.72,2326.4
2024-07-01,EMEA,P100,CUST_023,3435.04,2419.72
2024-07-01,EMEA,P100,CUST_024,1573.1,2418.66
2024-07-01,EMEA,P100,CUST_025,877.7,2263.51
2024-07-01,EMEA,P100,CUST_030,743.23,2449.01
2024-07-01,EMEA,P100,CUST_034,7418.7,2282.02
2024-07-01,EMEA,P100,CUST_040,2350.4,2355.82
2024-07-01,EMEA,P100,CUST_038,3051.69,2372.1
2024-07-01,EMEA,P100,CUST_037,650.52,2437.36
2024-07-01,EMEA,P100,CUST_017,4461.31,2364.25
2024-07-01,EMEA,P200,CUST_004,148.22,2005.99
2024-07-01,EMEA,P200,CUST_005,433.93,2035.81
2024-07-01,EMEA,P200,CUST_009,136.7,2021.57
2024-07-01,EMEA,P200,CUST_012,778.34,2033.3
2024-07-01,EMEA,P200,CUST_016,882.23,1989.42
2024-07-01,EMEA,P200,CUST_020,532.34,2017.19
2024-07-01,EMEA,P200,CUST_021,1534.33,2036.95
2024-07-01,EMEA,P200,CUST_023,23.55,2009.35
2024-07-01,EMEA,P200,CUST_024,1005.33,2073.0
2024-07-01,EMEA,P200,CUST_025,1419.25,2098.82
2024-07-01,EMEA,P200,CUST_030,850.42,1992.97
2024-07-01,EMEA,P200,CUST_034,471.17,1995.95
2024-07-01,EMEA,P200,CUST_040,22.21,1952.09
2024-07-01,EMEA,P200,CUST_026,5.95,1956.6
2024-07-01,EMEA,P200,CUST_007,946.63,1973.13
2024-07-01,EMEA,P200,CUST_035,1129.47,2055.86
2024-07-01,APAC,P100,CUST_007,855.4,2177.47
2024-07-01,APAC,P100,CUST_022,6831.3,2238.4
2024-07-01,APAC,P100,CUST_038,5576.93,2243.87
2024-07-01,APAC,P100,CUST_039,4242.96,2256.08
2024-07-01,APAC,P100,CUST_017,1390.0,2183.85
2024-07-01,APAC,P100,CUST_028,2658.51,2318.27
2024-07-01,APAC,P200,CUST_007,1281.18,1842.24
2024-07-01,APAC,P200,CUST_022,359.16,1945.94
2024-07-01,APAC,P200,CUST_038,2823.52,1949.44
2024-07-01,APAC,P200,CUST_039,452.6,1920.82
2024-07-01,APAC,P200,CUST_040,609.18,1970.77
2024-07-01,APAC,P200,CUST_035,1027.12,1977.49
2024-07-01,APAC,P200,CUST_032,1534.59,2016.02
2024-08-01,NA,P100,CUST_002,405.44,2501.57
2024-08-01,NA,P100,CUST_003,1647.31,2531.99
2024-08-01,NA,P100,CUST_006,1802.07,2449.82
2024-08-01,NA,P100,CUST_010,1440.09,2440.13
2024-08-01,NA,P100,CUST_011,2085.99,2605.91
2024-08-01,NA,P100,CUST_013,8698.94,2477.88
2024-08-01,NA,P100,CUST_014,10239.66,2510.31
2024-08-01,NA,P100,CUST_015,187.67,2527.88
2024-08-01,NA,P100,CUST_017,1223.28,2384.73
2024-08-01,NA,P100,CUST_018,1675.91,2467.36
2024-08-01,NA,P100,CUST_026,1173.61,2466.92
2024-08-01,NA,P100,CUST_027,566.66,2461.16
2024-08-01,NA,P100,CUST_028,1020.91,2525.02
2024-08-01,NA,P100,CUST_029,6439.0,2467.2
2024-08-01,NA,P100,CUST_031,2178.05,2405.1
2024-08-01,NA,P100,CUST_032,1224.58,2568.56
2024-08-01,NA,P100,CUST_033,446.13,2553.5
2024-08-01,NA,P100,CUST_035,3046.11,2496.93
2024-08-01,NA,P100,CUST_036,3646.17,2447.22
2024-08-01,NA,P100,CUST_037,2019.02,2496.41
2024-08-01,NA,P100,CUST_009,123.91,2560.83
2024-08-01,NA,P100,CUST_007,631.26,2557.46
2024-08-01,NA,P200,CUST_002,2656.77,2123.6
2024-08-01,NA,P200,CUST_003,67.57,2103.16
2024-08-01,NA,P200,CUST_006,363.05,2148.01
2024-08-01,NA,P200,CUST_010,1481.09,2115.7
2024-08-01,NA,P200,CUST_011,800.98,2108.52
2024-08-01,NA,P200,CUST_013,281.71,2057.3
2024-08-01,NA,P200,CUST_014,906.25,2099.13
2024-08-01,NA,P200,CUST_015,369.5,2110.52
2024-08-01,NA,P200,CUST_017,212.11,2001.92
2024-08-01,NA,P200,CUST_018,2165.07,2153.95
2024-08-01,NA,P200,CUST_026,642.57,2136.94
2024-08-01,NA,P200,CUST_027,871.92,2118.03
2024-08-01,NA,P200,CUST_028,781.57,2101.88
2024-08-01,NA,P200,CUST_029,295.17,2093.57
2024-08-01,NA,P200,CUST_031,2025.02,2020.41
2024-08-01,NA,P200,CUST_032,909.5,2079.76
2024-08-01,NA,P200,CUST_033,165.76,2066.04
2024-08-01,NA,P200,CUST_035,237.38,2101.22
2024-08-01,NA,P200,CUST_036,1046.09,2069.27
2024-08-01,NA,P200,CUST_037,636.92,2051.63
2024-08-01,NA,P200,CUST_005,2.73,2070.76
2024-08-01,NA,P200,CUST_030,391.58,2116.99
2024-08-01,EMEA,P100,CUST_004,1364.74,2368.85
2024-08-01,EMEA,P100,CUST_005,1766.82,2362.79
2024-08-01,EMEA,P100,CUST_009,2120.41,2353.29
2024-08-01,EMEA,P100,CUST_012,4122.11,2438.75
2024-08-01,EMEA,P100,CUST_016,55.43,2351.18
2024-08-01,EMEA,P100,CUST_020,609.95,2368.92
2024-08-01,EMEA,P100,CUST_021,8509.58,2277.51
2024-08-01,EMEA,P100,CUST_023,544.25,2422.84
2024-08-01,EMEA,P100,CUST_024,1319.14,2348.03
2024-08-01,EMEA,P100,CUST_025,2892.6,2388.67
2024-08-01,EMEA,P100,CUST_030,1433.91,2310.61
2024-08-01,EMEA,P100,CUST_034,603.79,2396.42
2024-08-01,EMEA,P100,CUST_040,2645.55,2407.97
2024-08-01,EMEA,P100,CUST_007,1068.78,2356.49
2024-08-01,EMEA,P100,CUST_022,2299.73,2304.27
2024-08-01,EMEA,P100,CUST_031,6250.53,2287.31
2024-08-01,EMEA,P200,CUST_004,530.25,1900.01
2024-08-01,EMEA,P200,CUST_005,516.41,2038.18
2024-08-01,EMEA,P200,CUST_009,2042.13,2039.4
2024-08-01,EMEA,P200,CUST_012,546.69,1991.29
2024-08-01,EMEA,P200,CUST_016,290.99,2014.1
2024-08-01,EMEA,P200,CUST_020,472.49,2019.27
2024-08-01,EMEA,P200,CUST_021,208.65,2020.91
2024-08-01,EMEA,P200,CUST_023,79.08,2023.44
2024-08-01,EMEA,P200,CUST_024,374.1,2006.53
2024-08-01,EMEA,P200,CUST_025,302.89,2022.2
2024-08-01,EMEA,P200,CUST_030,427.4,2023.33
2024-08-01,EMEA,P200,CUST_034,721.52,2021.21
2024-08-01,EMEA,P200,CUST_040,706.23,1951.14
2024-08-01,EMEA,P200,CUST_015,4578.65,1993.93
2024-08-01,EMEA,P200,CUST_032,890.17,2007.96
2024-08-01,EMEA,P200,CUST_013,147.91,2052.69
2024-08-01,APAC,P100,CUST_007,1183.03,2238.94
2024-08-01,APAC,P100,CUST_022,3997.17,2334.57
2024-08-01,APAC,P100,CUST_038,1455.38,2299.64
2024-08-01,APAC,P100,CUST_039,4306.28,2200.13
2024-08-01,APAC,P100,CUST_021,6032.88,2297.66
2024-08-01,APAC,P100,CUST_015,3381.72,2283.53
2024-08-01,APAC,P100,CUST_017,4481.27,2319.08
2024-08-01,APAC,P200,CUST_007,3687.56,1942.25
2024-08-01,APAC,P200,CUST_022,2215.76,1953.85
2024-08-01,APAC,P200,CUST_038,1628.27,1888.67
2024-08-01,APAC,P200,CUST_039,40.95,1867.34
2024-08-01,APAC,P200,CUST_029,4.82,1932.6
2024-08-01,APAC,P200,CUST_004,1442.31,1960.7
2024-08-01,APAC,P200,CUST_021,116.84,1944.34
2024-09-01,NA,P100,CUST_002,1305.78,2451.76
2024-09-01,NA,P100,CUST_003,685.88,2481.34
2024-09-01,NA,P100,CUST_006,6600.04,2460.98
2024-09-01,NA,P100,CUST_010,1722.05,2426.04
2024-09-01,NA,P100,CUST_011,57.01,2535.2
2024-09-01,NA,P100,CUST_013,2017.1,2538.63
2024-09-01,NA,P100,CUST_014,1771.63,2443.4
2024-09-01,NA,P100,CUST_015,4297.04,2564.85
2024-09-01,NA,P100,CUST_017,284.87,2532.18
2024-09-01,NA,P100,CUST_018,3685.02,2419.63
2024-09-01,NA,P100,CUST_026,1891.53,2485.01
2024-09-01,NA,P100,CUST_027,112.99,2493.14
2024-09-01,NA,P100,CUST_028,488.29,2494.56
2024-09-01,NA,P100,CUST_029,3513.85,2600.48
2024-09-01,NA,P100,CUST_031,1207.36,2512.33
2024-09-01,NA,P100,CUST_032,78.01,2514.41
2024-09-01,NA,P100,CUST_033,181.3,2437.3
2024-09-01,NA,P100,CUST_035,2860.62,2486.61
2024-09-01,NA,P100,CUST_036,2010.23,2575.84
2024-09-01,NA,P100,CUST_037,2865.97,2470.72
2024-09-01,NA,P100,CUST_030,3210.51,2475.28
2024-09-01,NA,P100,CUST_023,2695.01,2459.34
2024-09-01,NA,P100,CUST_005,478.13,2508.8
2024-09-01,NA,P200,CUST_002,2502.46,2122.78
2024-09-01,NA,P200,CUST_003,537.13,2096.12
2024-09-01,NA,P200,CUST_006,13.79,2087.95
2024-09-01,NA,P200,CUST_010,407.58,2127.0
2024-09-01,NA,P200,CUST_011,646.61,2097.72
2024-09-01,NA,P200,CUST_013,30.35,2036.75
2024-09-01,NA,P200,CUST_014,1242.7,2065.79
2024-09-01,NA,P200,CUST_015,463.93,2131.49
2024-09-01,NA,P200,CUST_017,90.18,2104.76
2024-09-01,NA,P200,CUST_018,3875.9,2063.87
2024-09-01,NA,P200,CUST_026,689.76,2049.72
2024-09-01,NA,P200,CUST_027,1185.19,2123.5
2024-09-01,NA,P200,CUST_028,34.15,2063.48
2024-09-01,NA,P200,CUST_029,129.98,2042.84
2024-09-01,NA,P200,CUST_031,889.71,2050.34
2024-09-01,NA,P200,CUST_032,1545.62,2004.95
2024-09-01,NA,P200,CUST_033,1312.53,2098.98
2024-09-01,NA,P200,CUST_035,1166.9,2112.62
2024-09-01,NA,P200,CUST_036,37.07,2113.29
2024-09-01,NA,P200,CUST_037,2162.55,2137.43
2024-09-01,NA,P200,CUST_038,2772.43,2052.34
2024-09-01,NA,P200,CUST_019,464.05,2071.45
2024-09-01,NA,P200,CUST_021,1032.94,2010.01
2024-09-01,EMEA,P100,CUST_004,699.04,2339.24
2024-09-01,EMEA,P100,CUST_005,4814.36,2406.19
2024-09-01,EMEA,P100,CUST_009,937.59,2349.13
2024-09-01,EMEA,P100,CUST_012,1887.31,2309.29
2024-09-01,EMEA,P100,CUST_016,1311.9,2442.99
2024-09-01,EMEA,P100,CUST_019,1538.37,2372.87
2024-09-01,EMEA,P100,CUST_020,2073.5,2367.07
2024-09-01,EMEA,P100,CUST_021,1417.85,2368.94
2024-09-01,EMEA,P100,CUST_023,174.22,2314.24
2024-09-01,EMEA,P100,CUST_024,5564.49,2326.98
2024-09-01,EMEA,P100,CUST_025,620.47,2417.89
2024-09-01,EMEA,P100,CUST_030,1675.61,2326.5
2024-09-01,EMEA,P100,CUST_034,606.12,2420.94
2024-09-01,EMEA,P100,CUST_040,1604.59,2361.71
2024-09-01,EMEA,P100,CUST_007,917.67,2421.97
2024-09-01,EMEA,P100,CUST_033,7437.7,2289.88
2024-09-01,EMEA,P100,CUST_011,4496.57,2344.69
2024-09-01,EMEA,P200,CUST_004,473.89,1956.39
2024-09-01,EMEA,P200,CUST_005,112.18,2023.47
2024-09-01,EMEA,P200,CUST_009,3534.08,2002.37
2024-09-01,EMEA,P200,CUST_012,2428.61,2049.85
2024-09-01,EMEA,P200,CUST_016,273.74,2044.9
2024-09-01,EMEA,P200,CUST_019,668.4,2049.17
2024-09-01,EMEA,P200,CUST_020,1633.89,2022.35
2024-09-01,EMEA,P200,CUST_021,896.34,1959.08
2024-09-01,EMEA,P200,CUST_023,344.46,2038.23
2024-09-01,EMEA,P200,CUST_024,485.88,1967.18
2024-09-01,EMEA,P200,CUST_025,3.81,2029.89
2024-09-01,EMEA,P200,CUST_030,162.44,1939.02
2024-09-01,EMEA,P200,CUST_034,1029.9,2034.9
2024-09-01,EMEA,P200,CUST_040,48.94,1992.64
2024-09-01,EMEA,P200,CUST_014,1349.06,2011.14
2024-09-01,EMEA,P200,CUST_007,172.92,2100.08
2024-09-01,EMEA,P200,CUST_013,1112.45,2087.7
2024-09-01,APAC,P100,CUST_007,148.63,2281.5
2024-09-01,APAC,P100,CUST_022,2153.04,2274.69
2024-09-01,APAC,P100,CUST_038,8463.46,2254.99
2024-09-01,APAC,P100,CUST_039,1300.12,2199.62
2024-09-01,APAC,P100,CUST_025,500.76,2277.88
2024-09-01,APAC,P100,CUST_017,3849.75,2273.17
2024-09-01,APAC,P100,CUST_003,5627.25,2268.76
2024-09-01,APAC,P200,CUST_007,3278.49,1981.38
2024-09-01,APAC,P200,CUST_022,2306.5,1977.67
2024-09-01,APAC,P200,CUST_038,271.72,1984.81
2024-09-01,APAC,P200,CUST_039,3.98,1935.9
2024-09-01,APAC,P200,CUST_019,134.13,2021.5
2024-09-01,APAC,P200,CUST_012,2956.41,1930.77
2024-09-01,APAC,P200,CUST_037,1563.44,1972.62
2024-10-01,NA,P100,CUST_002,1351.45,2562.64
2024-10-01,NA,P100,CUST_003,1203.47,2455.43
2024-10-01,NA,P100,CUST_006,1152.69,2502.81
2024-10-01,NA,P100,CUST_010,431.41,2487.93
2024-10-01,NA,P100,CUST_011,566.79,2480.49
2024-10-01,NA,P100,CUST_013,3737.58,2507.89
2024-10-01,NA,P100,CUST_014,2743.48,2365.75
2024-10-01,NA,P100,CUST_015,946.36,2443.8
2024-10-01,NA,P100,CUST_017,4524.59,2516.73
2024-10-01,NA,P100,CUST_018,3210.82,2419.8
2024-10-01,NA,P100,CUST_026,1729.87,2401.95
2024-10-01,NA,P100,CUST_027,1754.3,2534.51
2024-10-01,NA,P100,CUST_028,877.98,2561.84
2024-10-01,NA,P100,CUST_029,3638.41,2548.57
2024-10-01,NA,P100,CUST_031,2336.72,2541.46
2024-10-01,NA,P100,CUST_032,541.61,2490.35
2024-10-01,NA,P100,CUST_033,2763.51,2417.23
2024-10-01,NA,P100,CUST_035,1028.02,2480.27
2024-10-01,NA,P100,CUST_036,885.07,2417.38
2024-10-01,NA,P100,CUST_037,678.71,2501.19
2024-10-01,NA,P100,CUST_040,2418.42,2474.1
2024-10-01,NA,P100,CUST_034,1318.65,2548.64
2024-10-01,NA,P100,CUST_022,908.66,2416.79
2024-10-01,NA,P200,CUST_002,2.09,2118.79
2024-10-01,NA,P200,CUST_003,1257.51,2040.44
2024-10-01,NA,P200,CUST_006,614.45,2108.24
2024-10-01,NA,P200,CUST_010,1586.71,2108.2
2024-10-01,NA,P200,CUST_011,273.82,2144.55
2024-10-01,NA,P200,CUST_013,188.5,2037.4
2024-10-01,NA,P200,CUST_014,290.11,2125.73
2024-10-01,NA,P200,CUST_015,209.64,2073.58
2024-10-01,NA,P200,CUST_017,94.32,2046.9
2024-10-01,NA,P200,CUST_018,682.44,2095.39
2024-10-01,NA,P200,CUST_026,890.17,2097.1
2024-10-01,NA,P200,CUST_027,1350.32,2105.04
2024-10-01,NA,P200,CUST_028,208.74,2082.61
2024-10-01,NA,P200,CUST_029,206.83,2119.64
2024-10-01,NA,P200,CUST_031,3507.9,2013.31
2024-10-01,NA,P200,CUST_032,1351.84,2202.84
2024-10-01,NA,P200,CUST_033,26.69,2024.4
2024-10-01,NA,P200,CUST_035,523.47,2078.4
2024-10-01,NA,P200,CUST_036,1342.35,2120.34
2024-10-01,NA,P200,CUST_037,1198.6,2054.76
2024-10-01,NA,P200,CUST_038,101.0,2208.55
2024-10-01,NA,P200,CUST_012,1059.8,2143.14
2024-10-01,NA,P200,CUST_019,3177.05,2116.64
2024-10-01,EMEA,P100,CUST_004,1335.28,2325.47
2024-10-01,EMEA,P100,CUST_005,1095.58,2276.11
2024-10-01,EMEA,P100,CUST_009,57.18,2291.59
2024-10-01,EMEA,P100,CUST_012,2131.49,2303.75
2024-10-01,EMEA,P100,CUST_016,2239.91,2332.08
2024-10-01,EMEA,P100,CUST_019,810.48,2339.26
2024-10-01,EMEA,P100,CUST_020,892.35,2348.58
2024-10-01,EMEA,P100,CUST_021,561.34,2380.08
2024-10-01,EMEA,P100,CUST_023,641.8,2372.5
2024-10-01,EMEA,P100,CUST_024,1828.29,2334.7
2024-10-01,EMEA,P100,CUST_025,6149.08,2361.81
2024-10-01,EMEA,P100,CUST_034,1107.14,2407.97
2024-10-01,EMEA,P100,CUST_040,2483.64,2375.64
2024-10-01,EMEA,P100,CUST_026,1712.09,2346.75
2024-10-01,EMEA,P100,CUST_003,898.62,2417.88
2024-10-01,EMEA,P100,CUST_006,281.61,2346.62
2024-10-01,EMEA,P200,CUST_004,572.43,2026.35
2024-10-01,EMEA,P200,CUST_005,287.58,1893.41
2024-10-01,EMEA,P200,CUST_009,1467.96,1949.56
2024-10-01,EMEA,P200,CUST_012,1016.59,2002.61
2024-10-01,EMEA,P200,CUST_016,2628.44,1916.15
2024-10-01,EMEA,P200,CUST_019,659.66,1912.73
2024-10-01,EMEA,P200,CUST_020,1972.15,2013.55
2024-10-01,EMEA,P200,CUST_021,74.34,2028.19
2024-10-01,EMEA,P200,CUST_023,154.35,2063.13
2024-10-01,EMEA,P200,CUST_024,27.5,2044.59
2024-10-01,EMEA,P200,CUST_025,813.51,1948.66
2024-10-01,EMEA,P200,CUST_034,1991.65,2021.3
2024-10-01,EMEA,P200,CUST_040,1743.39,1971.95
2024-10-01,EMEA,P200,CUST_029,130.77,2034.09
2024-10-01,EMEA,P200,CUST_037,641.68,1973.85
2024-10-01,EMEA,P200,CUST_014,1003.45,2024.46
2024-10-01,APAC,P100,CUST_007,459.15,2232.96
2024-10-01,APAC,P100,CUST_022,4625.02,2329.2
2024-10-01,APAC,P100,CUST_038,570.75,2240.23
2024-10-01,APAC,P100,CUST_039,1735.59,2261.44
2024-10-01,APAC,P100,CUST_035,1380.88,2190.72
2024-10-01,APAC,P100,CUST_032,4285.03,2223.16
2024-10-01,APAC,P100,CUST_031,2941.68,2258.14
2024-10-01,APAC,P200,CUST_007,594.48,1923.45
2024-10-01,APAC,P200,CUST_022,1190.47,1956.7
2024-10-01,APAC,P200,CUST_038,594.89,1955.72
2024-10-01,APAC,P200,CUST_039,147.03,1957.0
2024-10-01,APAC,P200,CUST_032,3911.01,1991.12
2024-10-01,APAC,P200,CUST_025,802.52,1947.13
2024-10-01,APAC,P200,CUST_018,3585.55,1923.88
2024-11-01,NA,P100,CUST_002,7075.62,2540.58
2024-11-01,NA,P100,CUST_003,323.83,2510.36
2024-11-01,NA,P100,CUST_006,2246.64,2491.31
2024-11-01,NA,P100,CUST_010,504.93,2573.46
2024-11-01,NA,P100,CUST_011,1906.58,2488.52
2024-11-01,NA,P100,CUST_013,1018.86,2516.94
2024-11-01,NA,P100,CUST_014,1166.45,2497.0
2024-11-01,NA,P100,CUST_015,3034.11,2484.81
2024-11-01,NA,P100,CUST_017,2417.63,2439.6
2024-11-01,NA,P100,CUST_018,6126.25,2479.96
2024-11-01,NA,P100,CUST_026,1263.02,2431.96
2024-11-01,NA,P100,CUST_027,1495.2,2422.99
2024-11-01,NA,P100,CUST_028,883.54,2413.61
2024-11-01,NA,P100,CUST_029,1103.29,2487.3
2024-11-01,NA,P100,CUST_031,199.52,2464.03
2024-11-01,NA,P100,CUST_032,1049.91,2453.54
2024-11-01,NA,P100,CUST_033,2291.95,2384.35
2024-11-01,NA,P100,CUST_035,2745.78,2520.51
2024-11-01,NA,P100,CUST_036,3849.77,2572.54
2024-11-01,NA,P100,CUST_037,372.78,2464.38
2024-11-01,NA,P100,CUST_038,5464.88,2448.95
2024-11-01,NA,P100,CUST_019,1902.66,2522.26
2024-11-01,NA,P100,CUST_039,202.95,2455.98
2024-11-01,NA,P200,CUST_002,115.35,2054.05
2024-11-01,NA,P200,CUST_003,380.8,2058.84
2024-11-01,NA,P200,CUST_006,65.6,2143.79
2024-11-01,NA,P200,CUST_010,202.23,2070.27
2024-11-01,NA,P200,CUST_011,383.59,2023.17
2024-11-01,NA,P200,CUST_013,100.6,2091.56
2024-11-01,NA,P200,CUST_014,837.45,2083.51
2024-11-01,NA,P200,CUST_015,1147.06,2124.21
2024-11-01,NA,P200,CUST_017,56.07,2087.5
2024-11-01,NA,P200,CUST_018,581.76,2079.16
2024-11-01,NA,P200,CUST_026,7.63,2086.93
2024-11-01,NA,P200,CUST_027,3250.58,2120.54
2024-11-01,NA,P200,CUST_028,201.88,2153.22
2024-11-01,NA,P200,CUST_029,534.49,2122.79
2024-11-01,NA,P200,CUST_031,479.16,2087.02
2024-11-01,NA,P200,CUST_032,521.73,2018.49
2024-11-01,NA,P200,CUST_033,2517.51,2096.54
2024-11-01,NA,P200,CUST_035,2139.54,2086.76
2024-11-01,NA,P200,CUST_036,766.2,2128.22
2024-11-01,NA,P200,CUST_037,1303.51,2079.94
2024-11-01,NA,P200,CUST_007,479.7,2162.44
2024-11-01,NA,P200,CUST_005,273.64,2078.59
2024-11-01,NA,P200,CUST_034,4381.79,2087.03
2024-11-01,EMEA,P100,CUST_004,4319.54,2389.44
2024-11-01,EMEA,P100,CUST_005,3192.82,2404.08
2024-11-01,EMEA,P100,CUST_009,499.77,2359.38
2024-11-01,EMEA,P100,CUST_012,1096.61,2311.73
2024-11-01,EMEA,P100,CUST_016,4520.55,2347.76
2024-11-01,EMEA,P100,CUST_019,431.03,2460.09
2024-11-01,EMEA,P100,CUST_020,2398.36,2370.22
2024-11-01,EMEA,P100,CUST_021,4467.01,2379.78
2024-11-01,EMEA,P100,CUST_023,1714.12,2405.75
2024-11-01,EMEA,P100,CUST_024,654.88,2360.98
2024-11-01,EMEA,P100,CUST_025,1770.0,2356.14
2024-11-01,EMEA,P100,CUST_034,829.14,2442.05
2024-11-01,EMEA,P100,CUST_040,658.58,2358.99
2024-11-01,EMEA,P100,CUST_029,1507.09,2373.67
2024-11-01,EMEA,P100,CUST_018,1242.85,2401.31
2024-11-01,EMEA,P100,CUST_035,393.89,2385.27
2024-11-01,EMEA,P200,CUST_004,1176.83,2038.52
2024-11-01,EMEA,P200,CUST_005,163.39,1963.22
2024-11-01,EMEA,P200,CUST_009,1222.41,2061.69
2024-11-01,EMEA,P200,CUST_012,2130.88,2010.8
2024-11-01,EMEA,P200,CUST_016,1533.41,2065.66
2024-11-01,EMEA,P200,CUST_019,530.0,2003.45
2024-11-01,EMEA,P200,CUST_020,1443.75,1993.11
2024-11-01,EMEA,P200,CUST_021,1515.01,1952.86
2024-11-01,EMEA,P200,CUST_023,408.39,1997.52
2024-11-01,EMEA,P200,CUST_024,540.34,1992.73
2024-11-01,EMEA,P200,CUST_025,1169.62,2021.54
2024-11-01,EMEA,P200,CUST_034,2401.39,1992.64
2024-11-01,EMEA,P200,CUST_040,1447.69,2075.72
2024-11-01,EMEA,P200,CUST_013,2329.42,2019.98
2024-11-01,EMEA,P200,CUST_037,2121.29,1973.2
2024-11-01,EMEA,P200,CUST_036,304.09,2046.82
2024-11-01,APAC,P100,CUST_007,5655.42,2314.9
2024-11-01,APAC,P100,CUST_022,1612.29,2345.63
2024-11-01,APAC,P100,CUST_038,471.64,2223.21
2024-11-01,APAC,P100,CUST_039,988.1,2256.51
2024-11-01,APAC,P100,CUST_024,148.36,2320.23
2024-11-01,APAC,P100,CUST_037,3361.07,2206.61
2024-11-01,APAC,P100,CUST_003,1564.18,2227.21
2024-11-01,APAC,P200,CUST_007,108.25,1948.7
2024-11-01,APAC,P200,CUST_022,1127.07,1979.44
2024-11-01,APAC,P200,CUST_038,6680.52,1975.17
2024-11-01,APAC,P200,CUST_039,124.09,1920.41
2024-11-01,APAC,P200,CUST_010,2511.7,2002.44
2024-11-01,APAC,P200,CUST_033,1401.47,1921.27
2024-11-01,APAC,P200,CUST_028,74.39,1939.37
2024-12-01,NA,P100,CUST_002,1127.17,2505.49
2024-12-01,NA,P100,CUST_003,1863.36,2499.49
2024-12-01,NA,P100,CUST_006,1610.27,2546.19
2024-12-01,NA,P100,CUST_010,2450.1,2516.04
2024-12-01,NA,P100,CUST_011,222.53,2476.09
2024-12-01,NA,P100,CUST_013,1895.35,2385.11
2024-12-01,NA,P100,CUST_014,3818.34,2413.61
2024-12-01,NA,P100,CUST_015,1118.37,2467.21
2024-12-01,NA,P100,CUST_017,2795.71,2490.48
2024-12-01,NA,P100,CUST_018,924.58,2542.29
2024-12-01,NA,P100,CUST_026,1922.27,2453.2
2024-12-01,NA,P100,CUST_027,3635.83,2491.18
2024-12-01,NA,P100,CUST_028,209.26,2534.73
2024-12-01,NA,P100,CUST_029,1816.08,2435.79
2024-12-01,NA,P100,CUST_031,2308.81,2450.79
2024-12-01,NA,P100,CUST_032,557.17,2570.39
2024-12-01,NA,P100,CUST_033,1819.04,2367.92
2024-12-01,NA,P100,CUST_035,749.35,2525.16
2024-12-01,NA,P100,CUST_036,2378.55,2424.3
2024-12-01,NA,P100,CUST_037,1792.52,2519.16
2024-12-01,NA,P100,CUST_034,404.67,2451.39
2024-12-01,NA,P100,CUST_007,1104.39,2497.99
2024-12-01,NA,P100,CUST_005,3498.89,2449.35
2024-12-01,NA,P200,CUST_002,3439.15,2112.68
2024-12-01,NA,P200,CUST_003,134.6,2075.97
2024-12-01,NA,P200,CUST_006,1247.92,2065.03
2024-12-01,NA,P200,CUST_010,937.16,2096.16
2024-12-01,NA,P200,CUST_011,551.5,2093.53
2024-12-01,NA,P200,CUST_013,1.87,2124.46
2024-12-01,NA,P200,CUST_014,2992.01,2066.55
2024-12-01,NA,P200,CUST_015,95.52,2056.03
2024-12-01,NA,P200,CUST_017,72.77,2073.54
2024-12-01,NA,P200,CUST_018,2268.07,2069.61
2024-12-01,NA,P200,CUST_026,1.98,2128.84
2024-12-01,NA,P200,CUST_027,461.33,2144.07
2024-12-01,NA,P200,CUST_028,49.66,2038.23
2024-12-01,NA,P200,CUST_029,66.11,2035.07
2024-12-01,NA,P200,CUST_031,1179.73,2043.03
2024-12-01,NA,P200,CUST_032,1306.64,2162.62
2024-12-01,NA,P200,CUST_033,128.86,2016.69
2024-12-01,NA,P200,CUST_035,841.17,2108.12
2024-12-01,NA,P200,CUST_036,709.57,2069.65
2024-12-01,NA,P200,CUST_037,754.86,2085.07
2024-12-01,NA,P200,CUST_034,1732.64,2090.86
2024-12-01,NA,P200,CUST_004,909.28,2103.52
2024-12-01,EMEA,P100,CUST_004,7322.01,2351.67
2024-12-01,EMEA,P100,CUST_005,1248.35,2372.3
2024-12-01,EMEA,P100,CUST_009,223.6,2392.91
2024-12-01,EMEA,P100,CUST_012,883.35,2368.38
2024-12-01,EMEA,P100,CUST_016,136.65,2272.6
2024-12-01,EMEA,P100,CUST_019,736.49,2305.79
2024-12-01,EMEA,P100,CUST_020,3551.55,2313.07
2024-12-01,EMEA,P100,CUST_021,1892.69,2346.28
2024-12-01,EMEA,P100,CUST_023,1096.18,2391.54
2024-12-01,EMEA,P100,CUST_024,2396.68,2337.19
2024-12-01,EMEA,P100,CUST_025,968.27,2343.47
2024-12-01,EMEA,P100,CUST_034,552.97,2393.18
2024-12-01,EMEA,P100,CUST_040,2069.22,2363.05
2024-12-01,EMEA,P100,CUST_015,2929.2,2308.4
2024-12-01,EMEA,P100,CUST_027,2049.78,2437.47
2024-12-01,EMEA,P100,CUST_002,1552.72,2336.93
2024-12-01,EMEA,P200,CUST_004,3023.13,2076.38
2024-12-01,EMEA,P200,CUST_005,46.85,1988.85
2024-12-01,EMEA,P200,CUST_009,194.83,1962.52
2024-12-01,EMEA,P200,CUST_012,560.81,1975.25
2024-12-01,EMEA,P200,CUST_016,688.91,1940.02
2024-12-01,EMEA,P200,CUST_019,335.47,2000.61
2024-12-01,EMEA,P200,CUST_020,1011.11,2055.2
2024-12-01,EMEA,P200,CUST_021,406.91,2004.64
2024-12-01,EMEA,P200,CUST_023,292.2,1939.22
2024-12-01,EMEA,P200,CUST_024,1487.93,1934.81
2024-12-01,EMEA,P200,CUST_025,1074.85,2116.38
2024-12-01,EMEA,P200,CUST_034,2232.73,2043.16
2024-12-01,EMEA,P200,CUST_040,206.32,1924.9
2024-12-01,EMEA,P200,CUST_039,2.24,2008.8
2024-12-01,EMEA,P200,CUST_031,3181.47,1948.13
2024-12-01,EMEA,P200,CUST_017,866.91,2008.83
2024-12-01,APAC,P100,CUST_007,1189.41,2222.88
2024-12-01,APAC,P100,CUST_022,3111.15,2236.15
2024-12-01,APAC,P100,CUST_038,5151.42,2307.35
2024-12-01,APAC,P100,CUST_039,5571.92,2229.53
2024-12-01,APAC,P100,CUST_040,1383.05,2247.73
2024-12-01,APAC,P200,CUST_007,3391.1,1949.13
2024-12-01,APAC,P200,CUST_022,803.13,1906.94
2024-12-01,APAC,P200,CUST_038,1357.84,1991.66
2024-12-01,APAC,P200,CUST_039,1127.58,1942.76
2024-12-01,APAC,P200,CUST_027,3454.76,1971.64
2024-12-01,APAC,P200,CUST_023,82.91,1947.21
2025-01-01,NA,P100,CUST_002,2070.55,2466.96
2025-01-01,NA,P100,CUST_003,1461.19,2477.4
2025-01-01,NA,P100,CUST_006,1652.58,2410.91
2025-01-01,NA,P100,CUST_010,4805.55,2496.13
2025-01-01,NA,P100,CUST_011,9127.03,2483.87
2025-01-01,NA,P100,CUST_013,1182.3,2515.23
2025-01-01,NA,P100,CUST_014,562.54,2459.86
2025-01-01,NA,P100,CUST_015,3291.73,2460.44
2025-01-01,NA,P100,CUST_017,2469.52,2408.2
2025-01-01,NA,P100,CUST_018,2745.18,2426.97
2025-01-01,NA,P100,CUST_026,2116.16,2583.64
2025-01-01,NA,P100,CUST_027,479.13,2432.85
2025-01-01,NA,P100,CUST_028,978.89,2330.02
2025-01-01,NA,P100,CUST_029,1143.1,2567.3
2025-01-01,NA,P100,CUST_031,4733.87,2465.83
2025-01-01,NA,P100,CUST_032,5007.54,2511.66
2025-01-01,NA,P100,CUST_033,667.14,2540.38
2025-01-01,NA,P100,CUST_035,1423.86,2415.02
2025-01-01,NA,P100,CUST_036,1360.66,2490.29
2025-01-01,NA,P100,CUST_037,1814.68,2479.64
2025-01-01,NA,P100,CUST_004,1232.25,2456.07
2025-01-01,NA,P100,CUST_009,1595.14,2527.8
2025-01-01,NA,P100,CUST_020,2367.16,2443.72
2025-01-01,NA,P200,CUST_002,483.73,2059.64
2025-01-01,NA,P200,CUST_003,36.99,2128.21
2025-01-01,NA,P200,CUST_006,152.62,2023.2
2025-01-01,NA,P200,CUST_010,853.13,2018.26
2025-01-01,NA,P200,CUST_011,1019.91,2074.29
2025-01-01,NA,P200,CUST_013,0.06,2086.0
2025-01-01,NA,P200,CUST_014,169.19,2097.38
2025-01-01,NA,P200,CUST_015,652.35,2105.81
2025-01-01,NA,P200,CUST_017,801.06,2080.15
2025-01-01,NA,P200,CUST_018,2282.52,2079.63
2025-01-01,NA,P200,CUST_026,1.66,2092.37
2025-01-01,NA,P200,CUST_027,1519.44,2107.09
2025-01-01,NA,P200,CUST_028,0.2,2065.47
2025-01-01,NA,P200,CUST_029,180.67,2051.05
2025-01-01,NA,P200,CUST_031,1134.27,2080.03
2025-01-01,NA,P200,CUST_032,1673.63,2135.2
2025-01-01,NA,P200,CUST_033,1951.21,2028.51
2025-01-01,NA,P200,CUST_035,238.18,2041.11
2025-01-01,NA,P200,CUST_036,1593.8,2106.87
2025-01-01,NA,P200,CUST_037,99.38,2060.92
2025-01-01,NA,P200,CUST_012,951.52,2147.29
2025-01-01,NA,P200,CUST_038,129.54,2118.8
2025-01-01,NA,P200,CUST_023,568.83,2143.87
2025-01-01,EMEA,P100,CUST_004,1103.63,2322.93
2025-01-01,EMEA,P100,CUST_005,1601.44,2358.54
2025-01-01,EMEA,P100,CUST_009,2386.13,2363.14
2025-01-01,EMEA,P100,CUST_012,882.96,2329.94
2025-01-01,EMEA,P100,CUST_016,3042.87,2339.83
2025-01-01,EMEA,P100,CUST_019,978.46,2275.44
2025-01-01,EMEA,P100,CUST_020,2043.72,2364.72
2025-01-01,EMEA,P100,CUST_021,1847.08,2291.95
2025-01-01,EMEA,P100,CUST_023,2543.74,2385.4
2025-01-01,EMEA,P100,CUST_024,902.69,2383.0
2025-01-01,EMEA,P100,CUST_025,642.64,2333.04
2025-01-01,EMEA,P100,CUST_034,2821.65,2363.4
2025-01-01,EMEA,P100,CUST_040,4599.66,2304.06
2025-01-01,EMEA,P100,CUST_028,3014.54,2366.13
2025-01-01,EMEA,P100,CUST_010,723.57,2327.6
2025-01-01,EMEA,P100,CUST_027,969.93,2314.47
2025-01-01,EMEA,P200,CUST_004,350.84,1954.39
2025-01-01,EMEA,P200,CUST_005,111.26,2003.21
2025-01-01,EMEA,P200,CUST_009,286.52,1965.29
2025-01-01,EMEA,P200,CUST_012,3078.08,2025.06
2025-01-01,EMEA,P200,CUST_016,318.02,2007.46
2025-01-01,EMEA,P200,CUST_019,538.02,1980.31
2025-01-01,EMEA,P200,CUST_020,188.06,1978.44
2025-01-01,EMEA,P200,CUST_021,1145.22,2104.81
2025-01-01,EMEA,P200,CUST_023,198.39,2046.35
2025-01-01,EMEA,P200,CUST_024,475.72,2021.95
2025-01-01,EMEA,P200,CUST_025,447.19,2056.18
2025-01-01,EMEA,P200,CUST_034,1211.81,2007.55
2025-01-01,EMEA,P200,CUST_040,513.57,1985.7
2025-01-01,EMEA,P200,CUST_007,1194.2,1994.99
2025-01-01,EMEA,P200,CUST_018,1137.88,2082.26
2025-01-01,EMEA,P200,CUST_031,2476.86,1979.54
2025-01-01,APAC,P100,CUST_007,1243.72,2245.61
2025-01-01,APAC,P100,CUST_022,4550.89,2190.44
2025-01-01,APAC,P100,CUST_038,1535.64,2250.74
2025-01-01,APAC,P100,CUST_039,5657.34,2280.64
2025-01-01,APAC,P100,CUST_035,1715.08,2338.82
2025-01-01,APAC,P100,CUST_002,1486.77,2406.73
2025-01-01,APAC,P200,CUST_007,1711.75,1971.11
2025-01-01,APAC,P200,CUST_022,650.7,1956.6
2025-01-01,APAC,P200,CUST_038,1854.16,1919.17
2025-01-01,APAC,P200,CUST_039,690.76,1865.38
2025-01-01,APAC,P200,CUST_037,2465.57,2007.23
2025-01-01,APAC,P200,CUST_023,1133.88,1992.51
2025-02-01,NA,P100,CUST_002,1895.54,2445.18
2025-02-01,NA,P100,CUST_003,457.63,2429.63
2025-02-01,NA,P100,CUST_006,1039.2,2514.77
2025-02-01,NA,P100,CUST_010,5372.05,2471.18
2025-02-01,NA,P100,CUST_011,4175.16,2430.57
2025-02-01,NA,P100,CUST_013,1891.82,2539.12
2025-02-01,NA,P100,CUST_014,1087.99,2470.7
2025-02-01,NA,P100,CUST_015,3013.87,2508.27
2025-02-01,NA,P100,CUST_017,1226.86,2509.6
2025-02-01,NA,P100,CUST_018,1682.94,2438.1
2025-02-01,NA,P100,CUST_026,487.03,2513.65
2025-02-01,NA,P100,CUST_027,2863.34,2422.52
2025-02-01,NA,P100,CUST_028,1839.23,2528.26
2025-02-01,NA,P100,CUST_029,1096.38,2506.47
2025-02-01,NA,P100,CUST_031,1033.88,2549.41
2025-02-01,NA,P100,CUST_032,2076.49,2490.35
2025-02-01,NA,P100,CUST_033,737.33,2472.96
2025-02-01,NA,P100,CUST_035,1123.84,2448.54
2025-02-01,NA,P100,CUST_036,747.2,2408.1
2025-02-01,NA,P100,CUST_037,818.46,2568.31
2025-02-01,NA,P100,CUST_030,1631.21,2397.31
2025-02-01,NA,P100,CUST_004,703.91,2550.36
2025-02-01,NA,P100,CUST_022,2233.54,2501.48
2025-02-01,NA,P200,CUST_002,1165.05,2043.36
2025-02-01,NA,P200,CUST_003,47.44,2097.59
2025-02-01,NA,P200,CUST_006,374.08,2064.72
2025-02-01,NA,P200,CUST_010,1080.61,2120.4
2025-02-01,NA,P200,CUST_011,121.24,2062.07
2025-02-01,NA,P200,CUST_013,651.9,2074.57
2025-02-01,NA,P200,CUST_014,348.29,2121.74
2025-02-01,NA,P200,CUST_015,517.07,2145.28
2025-02-01,NA,P200,CUST_017,75.73,2098.13
2025-02-01,NA,P200,CUST_018,12.24,2031.05
2025-02-01,NA,P200,CUST_026,5.2,2072.35
2025-02-01,NA,P200,CUST_027,704.57,2047.53
2025-02-01,NA,P200,CUST_028,45.07,2107.51
2025-02-01,NA,P200,CUST_029,157.76,2113.83
2025-02-01,NA,P200,CUST_031,1201.44,2180.24
2025-02-01,NA,P200,CUST_032,1066.36,2072.7
2025-02-01,NA,P200,CUST_033,1117.21,2069.3
2025-02-01,NA,P200,CUST_035,169.12,2190.18
2025-02-01,NA,P200,CUST_036,216.87,2059.99
2025-02-01,NA,P200,CUST_037,883.38,2062.73
2025-02-01,NA,P200,CUST_005,300.79,2102.61
2025-02-01,NA,P200,CUST_025,1044.44,2139.93
2025-02-01,NA,P200,CUST_034,541.63,2024.37
2025-02-01,EMEA,P100,CUST_004,1840.33,2358.08
2025-02-01,EMEA,P100,CUST_005,1054.75,2324.1
2025-02-01,EMEA,P100,CUST_008,1298.59,2424.51
2025-02-01,EMEA,P100,CUST_009,3226.78,2367.57
2025-02-01,EMEA,P100,CUST_012,3304.96,2372.82
2025-02-01,EMEA,P100,CUST_016,543.96,2327.13
2025-02-01,EMEA,P100,CUST_019,3112.68,2329.1
2025-02-01,EMEA,P100,CUST_020,1167.07,2374.91
2025-02-01,EMEA,P100,CUST_021,178.76,2291.2
2025-02-01,EMEA,P100,CUST_023,732.97,2268.22
2025-02-01,EMEA,P100,CUST_024,1915.9,2325.24
2025-02-01,EMEA,P100,CUST_025,871.08,2311.49
2025-02-01,EMEA,P100,CUST_030,1105.87,2377.07
2025-02-01,EMEA,P100,CUST_034,1218.15,2321.62
2025-02-01,EMEA,P100,CUST_040,451.2,2436.42
2025-02-01,EMEA,P100,CUST_022,2665.85,2343.82
2025-02-01,EMEA,P100,CUST_039,623.27,2353.93
2025-02-01,EMEA,P100,CUST_026,854.8,2328.73
2025-02-01,EMEA,P200,CUST_004,119.18,1987.77
2025-02-01,EMEA,P200,CUST_005,48.25,2037.52
2025-02-01,EMEA,P200,CUST_008,458.07,1994.35
2025-02-01,EMEA,P200,CUST_009,238.45,2075.54
2025-02-01,EMEA,P200,CUST_012,732.36,2065.81
2025-02-01,EMEA,P200,CUST_016,302.44,2034.01
2025-02-01,EMEA,P200,CUST_019,569.72,2061.13
2025-02-01,EMEA,P200,CUST_020,2455.96,2038.7
2025-02-01,EMEA,P200,CUST_021,5.42,1939.05
2025-02-01,EMEA,P200,CUST_023,258.24,2090.0
2025-02-01,EMEA,P200,CUST_024,1318.65,2038.29
2025-02-01,EMEA,P200,CUST_025,593.34,1947.78
2025-02-01,EMEA,P200,CUST_030,116.4,2046.6
2025-02-01,EMEA,P200,CUST_034,370.28,1981.03
2025-02-01,EMEA,P200,CUST_040,11.6,1966.01
2025-02-01,EMEA,P200,CUST_035,542.23,2052.59
2025-02-01,EMEA,P200,CUST_006,29.6,1937.62
2025-02-01,APAC,P100,CUST_007,769.14,2262.57
2025-02-01,APAC,P100,CUST_022,5625.76,2248.43
2025-02-01,APAC,P100,CUST_039,1235.66,2278.29
2025-02-01,APAC,P100,CUST_002,5586.39,2279.15
2025-02-01,APAC,P100,CUST_003,2331.57,2207.43
2025-02-01,APAC,P100,CUST_031,1327.0,2309.98
2025-02-01,APAC,P200,CUST_007,1237.71,1962.1
2025-02-01,APAC,P200,CUST_022,180.25,1976.79
2025-02-01,APAC,P200,CUST_039,83.1,1889.48
2025-02-01,APAC,P200,CUST_010,543.43,1980.88
2025-02-01,APAC,P200,CUST_035,4022.88,1936.02
2025-02-01,APAC,P200,CUST_029,3.7,1932.85
2025-03-01,NA,P100,CUST_002,435.02,2551.23
2025-03-01,NA,P100,CUST_003,1141.65,2508.6
2025-03-01,NA,P100,CUST_006,241.62,2524.35
2025-03-01,NA,P100,CUST_010,448.47,2542.08
2025-03-01,NA,P100,CUST_011,2031.91,2432.33
2025-03-01,NA,P100,CUST_013,1008.74,2489.63
2025-03-01,NA,P100,CUST_014,735.14,2496.19
2025-03-01,NA,P100,CUST_015,6464.73,2451.39
2025-03-01,NA,P100,CUST_017,1712.59,2509.38
2025-03-01,NA,P100,CUST_018,2359.5,2533.66
2025-03-01,NA,P100,CUST_026,789.04,2455.79
2025-03-01,NA,P100,CUST_027,1585.07,2430.33
2025-03-01,NA,P100,CUST_028,472.73,2405.75
2025-03-01,NA,P100,CUST_029,3941.58,2554.53
2025-03-01,NA,P100,CUST_031,3520.64,2412.22
2025-03-01,NA,P100,CUST_032,1410.92,2480.99
2025-03-01,NA,P100,CUST_033,770.89,2493.31
2025-03-01,NA,P100,CUST_035,659.28,2506.96
2025-03-01,NA,P100,CUST_036,2055.65,2567.85
2025-03-01,NA,P100,CUST_037,2773.24,2490.68
2025-03-01,NA,P100,CUST_024,6544.37,2468.54
2025-03-01,NA,P100,CUST_023,4848.53,2501.39
2025-03-01,NA,P100,CUST_008,719.16,2553.62
2025-03-01,NA,P200,CUST_002,476.36,2126.32
2025-03-01,NA,P200,CUST_003,585.44,2164.16
2025-03-01,NA,P200,CUST_006,228.96,2162.48
2025-03-01,NA,P200,CUST_010,287.88,2110.31
2025-03-01,NA,P200,CUST_011,1889.97,2060.12
2025-03-01,NA,P200,CUST_013,334.84,2114.6
2025-03-01,NA,P200,CUST_014,192.68,2120.19
2025-03-01,NA,P200,CUST_015,2951.01,2140.35
2025-03-01,NA,P200,CUST_017,473.7,2068.53
2025-03-01,NA,P200,CUST_018,1616.78,2110.26
2025-03-01,NA,P200,CUST_026,108.43,2143.95
2025-03-01,NA,P200,CUST_027,990.96,2093.46
2025-03-01,NA,P200,CUST_028,0.53,2042.66
2025-03-01,NA,P200,CUST_029,1093.63,2023.24
2025-03-01,NA,P200,CUST_031,1126.92,2134.19
2025-03-01,NA,P200,CUST_032,194.56,2085.28
2025-03-01,NA,P200,CUST_033,680.02,2113.68
2025-03-01,NA,P200,CUST_035,1763.02,2051.6
2025-03-01,NA,P200,CUST_036,110.7,2147.26
2025-03-01,NA,P200,CUST_037,324.23,2151.79
2025-03-01,NA,P200,CUST_022,51.21,2120.08
2025-03-01,NA,P200,CUST_025,411.07,2108.34
2025-03-01,EMEA,P100,CUST_004,1397.13,2421.09
2025-03-01,EMEA,P100,CUST_005,1759.5,2440.62
2025-03-01,EMEA,P100,CUST_008,1557.72,2339.69
2025-03-01,EMEA,P100,CUST_009,1671.98,2335.08
2025-03-01,EMEA,P100,CUST_012,1596.38,2328.9
2025-03-01,EMEA,P100,CUST_016,307.93,2364.54
2025-03-01,EMEA,P100,CUST_019,2961.07,2351.31
2025-03-01,EMEA,P100,CUST_020,545.84,2400.14
2025-03-01,EMEA,P100,CUST_021,3538.58,2334.64
2025-03-01,EMEA,P100,CUST_023,1000.38,2455.45
2025-03-01,EMEA,P100,CUST_024,230.8,2384.2
2025-03-01,EMEA,P100,CUST_025,2083.48,2419.53
2025-03-01,EMEA,P100,CUST_030,2580.76,2287.63
2025-03-01,EMEA,P100,CUST_034,1261.22,2391.34
2025-03-01,EMEA,P100,CUST_040,1703.23,2320.25
2025-03-01,EMEA,P100,CUST_015,660.52,2409.13
2025-03-01,EMEA,P100,CUST_013,1751.17,2367.53
2025-03-01,EMEA,P100,CUST_026,387.33,2392.02
2025-03-01,EMEA,P200,CUST_004,300.45,2022.41
2025-03-01,EMEA,P200,CUST_005,560.02,2047.9
2025-03-01,EMEA,P200,CUST_008,279.44,1995.98
2025-03-01,EMEA,P200,CUST_009,392.59,1971.07
2025-03-01,EMEA,P200,CUST_012,2318.66,2005.93
2025-03-01,EMEA,P200,CUST_016,64.54,1963.71
2025-03-01,EMEA,P200,CUST_019,175.73,2011.32
2025-03-01,EMEA,P200,CUST_020,854.62,2020.17
2025-03-01,EMEA,P200,CUST_021,239.15,2004.58
2025-03-01,EMEA,P200,CUST_023,219.27,2026.24
2025-03-01,EMEA,P200,CUST_024,1457.21,1972.07
2025-03-01,EMEA,P200,CUST_025,1334.27,1986.61
2025-03-01,EMEA,P200,CUST_030,1298.07,1997.89
2025-03-01,EMEA,P200,CUST_034,834.51,2007.97
2025-03-01,EMEA,P200,CUST_040,147.38,2041.61
2025-03-01,EMEA,P200,CUST_013,840.43,1971.85
2025-03-01,EMEA,P200,CUST_018,150.5,1990.0
2025-03-01,EMEA,P200,CUST_003,74.31,2079.65
2025-03-01,APAC,P100,CUST_007,1742.01,2225.72
2025-03-01,APAC,P100,CUST_022,2721.03,2315.18
2025-03-01,APAC,P100,CUST_039,1051.73,2281.52
2025-03-01,APAC,P100,CUST_033,2939.12,2344.85
2025-03-01,APAC,P100,CUST_008,3167.68,2306.86
2025-03-01,APAC,P100,CUST_018,3106.09,2178.08
2025-03-01,APAC,P200,CUST_007,121.41,2021.1
2025-03-01,APAC,P200,CUST_022,4457.01,1969.93
2025-03-01,APAC,P200,CUST_039,37.87,1911.46
2025-03-01,APAC,P200,CUST_017,207.31,1906.05
2025-03-01,APAC,P200,CUST_003,1684.41,1922.33
2025-03-01,APAC,P200,CUST_014,1915.21,1972.65
2025-04-01,NA,P100,CUST_002,219.14,2380.62
2025-04-01,NA,P100,CUST_003,1312.02,2552.61
2025-04-01,NA,P100,CUST_006,3278.47,2519.05
2025-04-01,NA,P100,CUST_010,1900.75,2396.98
2025-04-01,NA,P100,CUST_011,1640.33,2458.89
2025-04-01,NA,P100,CUST_013,2859.64,2447.71
2025-04-01,NA,P100,CUST_014,2489.68,2399.84
2025-04-01,NA,P100,CUST_015,6833.61,2480.44
2025-04-01,NA,P100,CUST_017,6321.2,2578.5
2025-04-01,NA,P100,CUST_018,4535.54,2512.72
2025-04-01,NA,P100,CUST_026,891.51,2495.49
2025-04-01,NA,P100,CUST_027,515.14,2532.94
2025-04-01,NA,P100,CUST_028,2056.07,2548.77
2025-04-01,NA,P100,CUST_029,1500.12,2564.52
2025-04-01,NA,P100,CUST_031,2007.81,2552.24
2025-04-01,NA,P100,CUST_032,436.63,2431.11
2025-04-01,NA,P100,CUST_033,1507.8,2517.36
2025-04-01,NA,P100,CUST_035,2846.32,2536.35
2025-04-01,NA,P100,CUST_036,1304.02,2531.13
2025-04-01,NA,P100,CUST_037,1353.83,2440.59
2025-04-01,NA,P100,CUST_021,2026.02,2476.23
2025-04-01,NA,P100,CUST_023,60.37,2564.51
2025-04-01,NA,P100,CUST_039,79.92,2602.5
2025-04-01,NA,P200,CUST_002,108.82,2107.23
2025-04-01,NA,P200,CUST_003,675.87,2093.0
2025-04-01,NA,P200,CUST_006,4.54,2163.5
2025-04-01,NA,P200,CUST_010,2.37,2082.84
2025-04-01,NA,P200,CUST_011,585.73,2116.9
2025-04-01,NA,P200,CUST_013,405.58,2068.74
2025-04-01,NA,P200,CUST_014,95.76,2111.55
2025-04-01,NA,P200,CUST_015,555.74,2158.32
2025-04-01,NA,P200,CUST_017,172.99,2083.27
2025-04-01,NA,P200,CUST_018,2355.3,2124.38
2025-04-01,NA,P200,CUST_026,135.33,2177.42
2025-04-01,NA,P200,CUST_027,877.55,2058.53
2025-04-01,NA,P200,CUST_028,644.99,2022.28
2025-04-01,NA,P200,CUST_029,37.22,2048.09
2025-04-01,NA,P200,CUST_031,277.46,2147.85
2025-04-01,NA,P200,CUST_032,1757.38,2113.75
2025-04-01,NA,P200,CUST_033,2114.67,1970.34
2025-04-01,NA,P200,CUST_035,173.19,2114.65
2025-04-01,NA,P200,CUST_036,2457.3,2090.79
2025-04-01,NA,P200,CUST_037,578.92,2127.76
2025-04-01,NA,P200,CUST_019,821.26,2149.24
2025-04-01,NA,P200,CUST_040,10.3,2114.7
2025-04-01,NA,P200,CUST_024,998.99,2076.62
2025-04-01,EMEA,P100,CUST_004,242.5,2309.41
2025-04-01,EMEA,P100,CUST_005,2623.92,2333.96
2025-04-01,EMEA,P100,CUST_008,1936.78,2316.58
2025-04-01,EMEA,P100,CUST_009,1788.18,2328.13
2025-04-01,EMEA,P100,CUST_012,507.08,2392.13
2025-04-01,EMEA,P100,CUST_016,2876.85,2296.68
2025-04-01,EMEA,P100,CUST_019,1338.23,2404.91
2025-04-01,EMEA,P100,CUST_020,3090.47,2316.03
2025-04-01,EMEA,P100,CUST_021,2974.51,2411.5
2025-04-01,EMEA,P100,CUST_023,2125.8,2249.5
2025-04-01,EMEA,P100,CUST_024,820.67,2236.71
2025-04-01,EMEA,P100,CUST_025,2253.09,2387.85
2025-04-01,EMEA,P100,CUST_030,1266.49,2384.68
2025-04-01,EMEA,P100,CUST_034,1712.73,2288.44
2025-04-01,EMEA,P100,CUST_040,1719.92,2304.65
2025-04-01,EMEA,P100,CUST_022,885.43,2413.26
2025-04-01,EMEA,P100,CUST_003,6649.76,2296.2
2025-04-01,EMEA,P100,CUST_033,1199.3,2352.26
2025-04-01,EMEA,P200,CUST_004,1816.72,2042.17
2025-04-01,EMEA,P200,CUST_005,221.72,1976.53
2025-04-01,EMEA,P200,CUST_008,252.09,2043.11
2025-04-01,EMEA,P200,CUST_009,547.75,1946.66
2025-04-01,EMEA,P200,CUST_012,692.22,1979.75
2025-04-01,EMEA,P200,CUST_016,364.2,2029.4
2025-04-01,EMEA,P200,CUST_019,1198.09,2036.28
2025-04-01,EMEA,P200,CUST_020,244.66,1963.35
2025-04-01,EMEA,P200,CUST_021,622.59,2026.54
2025-04-01,EMEA,P200,CUST_023,621.47,1954.92
2025-04-01,EMEA,P200,CUST_024,372.73,1913.9
2025-04-01,EMEA,P200,CUST_025,329.96,1972.22
2025-04-01,EMEA,P200,CUST_030,3083.67,1967.4
2025-04-01,EMEA,P200,CUST_034,929.99,1966.29
2025-04-01,EMEA,P200,CUST_040,1114.33,1986.63
2025-04-01,EMEA,P200,CUST_028,0.64,2031.43
2025-04-01,EMEA,P200,CUST_006,872.76,1993.95
2025-04-01,EMEA,P200,CUST_011,1252.06,2041.75
2025-04-01,APAC,P100,CUST_007,444.82,2340.09
2025-04-01,APAC,P100,CUST_022,3094.1,2288.06
2025-04-01,APAC,P100,CUST_039,5757.52,2296.41
2025-04-01,APAC,P100,CUST_031,6007.86,2306.72
2025-04-01,APAC,P100,CUST_015,3826.14,2211.4
2025-04-01,APAC,P100,CUST_008,2000.11,2316.44
2025-04-01,APAC,P200,CUST_007,617.41,1998.71
2025-04-01,APAC,P200,CUST_022,2754.91,1968.32
2025-04-01,APAC,P200,CUST_039,38.4,1959.84
2025-04-01,APAC,P200,CUST_011,73.77,1974.24
2025-04-01,APAC,P200,CUST_009,4786.19,1926.32
2025-04-01,APAC,P200,CUST_002,2298.11,1954.56
2025-05-01,NA,P100,CUST_002,955.74,2559.58
2025-05-01,NA,P100,CUST_003,2962.57,2488.15
2025-05-01,NA,P100,CUST_006,2127.15,2475.84
2025-05-01,NA,P100,CUST_010,1451.36,2518.96
2025-05-01,NA,P100,CUST_011,2034.46,2506.61
2025-05-01,NA,P100,CUST_013,596.82,2461.7
2025-05-01,NA,P100,CUST_014,654.43,2527.74
2025-05-01,NA,P100,CUST_015,3514.96,2474.29
2025-05-01,NA,P100,CUST_017,8319.83,2534.38
2025-05-01,NA,P100,CUST_018,3838.12,2461.62
2025-05-01,NA,P100,CUST_026,279.26,2450.89
2025-05-01,NA,P100,CUST_027,2261.25,2553.68
2025-05-01,NA,P100,CUST_028,974.61,2527.83
2025-05-01,NA,P100,CUST_029,6133.58,2531.54
2025-05-01,NA,P100,CUST_031,1575.98,2582.49
2025-05-01,NA,P100,CUST_032,921.38,2516.55
2025-05-01,NA,P100,CUST_033,1415.36,2548.37
2025-05-01,NA,P100,CUST_035,309.4,2451.38
2025-05-01,NA,P100,CUST_036,2061.95,2519.8
2025-05-01,NA,P100,CUST_037,3942.88,2472.48
2025-05-01,NA,P100,CUST_034,1204.96,2453.94
2025-05-01,NA,P100,CUST_039,863.56,2470.7
2025-05-01,NA,P100,CUST_023,2105.13,2532.82
2025-05-01,NA,P200,CUST_002,29.2,2191.75
2025-05-01,NA,P200,CUST_003,210.36,2134.02
2025-05-01,NA,P200,CUST_006,31.76,2095.21
2025-05-01,NA,P200,CUST_010,1116.35,2192.91
2025-05-01,NA,P200,CUST_011,596.43,2122.23
2025-05-01,NA,P200,CUST_013,8.71,2096.37
2025-05-01,NA,P200,CUST_014,206.93,2145.26
2025-05-01,NA,P200,CUST_015,1005.39,2115.9
2025-05-01,NA,P200,CUST_017,681.89,2196.36
2025-05-01,NA,P200,CUST_018,2078.72,2151.47
2025-05-01,NA,P200,CUST_026,0.92,2086.41
2025-05-01,NA,P200,CUST_027,1668.51,2071.79
2025-05-01,NA,P200,CUST_028,148.12,2087.78
2025-05-01,NA,P200,CUST_029,2.05,2054.63
2025-05-01,NA,P200,CUST_031,47.29,2134.37
2025-05-01,NA,P200,CUST_032,488.19,2099.44
2025-05-01,NA,P200,CUST_033,665.43,2115.08
2025-05-01,NA,P200,CUST_035,543.88,2158.38
2025-05-01,NA,P200,CUST_036,1449.43,2121.58
2025-05-01,NA,P200,CUST_037,1952.75,2093.04
2025-05-01,NA,P200,CUST_040,849.49,2119.16
2025-05-01,NA,P200,CUST_034,1695.26,2127.67
2025-05-01,EMEA,P100,CUST_004,3572.16,2287.0
2025-05-01,EMEA,P100,CUST_005,2891.0,2346.19
2025-05-01,EMEA,P100,CUST_008,1750.46,2372.39
2025-05-01,EMEA,P100,CUST_009,2829.6,2329.43
2025-05-01,EMEA,P100,CUST_012,302.96,2372.74
2025-05-01,EMEA,P100,CUST_016,1779.06,2390.13
2025-05-01,EMEA,P100,CUST_019,1426.83,2473.43
2025-05-01,EMEA,P100,CUST_020,163.26,2439.5
2025-05-01,EMEA,P100,CUST_021,1688.05,2305.43
2025-05-01,EMEA,P100,CUST_023,15.57,2386.09
2025-05-01,EMEA,P100,CUST_024,4007.89,2404.6
2025-05-01,EMEA,P100,CUST_025,2280.96,2390.08
2025-05-01,EMEA,P100,CUST_030,3511.09,2363.01
2025-05-01,EMEA,P100,CUST_034,2330.79,2320.84
2025-05-01,EMEA,P100,CUST_040,770.44,2341.63
2025-05-01,EMEA,P100,CUST_014,2697.05,2371.17
2025-05-01,EMEA,P100,CUST_018,1983.98,2420.92
2025-05-01,EMEA,P100,CUST_028,1534.82,2362.11
2025-05-01,EMEA,P200,CUST_004,142.79,2023.45
2025-05-01,EMEA,P200,CUST_005,6.27,1974.96
2025-05-01,EMEA,P200,CUST_008,753.57,2026.47
2025-05-01,EMEA,P200,CUST_009,189.69,1999.69
2025-05-01,EMEA,P200,CUST_012,1083.34,1963.71
2025-05-01,EMEA,P200,CUST_016,1074.91,2038.16
2025-05-01,EMEA,P200,CUST_019,375.29,2003.82
2025-05-01,EMEA,P200,CUST_020,904.45,2045.08
2025-05-01,EMEA,P200,CUST_021,180.72,1949.27
2025-05-01,EMEA,P200,CUST_023,57.18,1991.55
2025-05-01,EMEA,P200,CUST_024,699.15,2027.93
2025-05-01,EMEA,P200,CUST_025,127.43,1952.62
2025-05-01,EMEA,P200,CUST_030,1050.57,2019.45
2025-05-01,EMEA,P200,CUST_034,466.77,1952.68
2025-05-01,EMEA,P200,CUST_040,646.35,2002.07
2025-05-01,EMEA,P200,CUST_038,724.76,2058.91
2025-05-01,EMEA,P200,CUST_033,1111.15,2022.44
2025-05-01,EMEA,P200,CUST_028,43.4,2028.36
2025-05-01,APAC,P100,CUST_007,1118.01,2241.57
2025-05-01,APAC,P100,CUST_022,7443.78,2272.61
2025-05-01,APAC,P100,CUST_038,2904.74,2310.14
2025-05-01,APAC,P100,CUST_039,482.31,2290.04
2025-05-01,APAC,P100,CUST_025,3024.07,2231.26
2025-05-01,APAC,P100,CUST_006,3951.6,2280.31
2025-05-01,APAC,P100,CUST_040,2052.66,2267.01
2025-05-01,APAC,P200,CUST_007,1020.31,1937.63
2025-05-01,APAC,P200,CUST_022,435.57,1944.07
2025-05-01,APAC,P200,CUST_038,116.87,1971.49
2025-05-01,APAC,P200,CUST_039,64.34,1993.56
2025-05-01,APAC,P200,CUST_002,1227.26,1987.28
2025-05-01,APAC,P200,CUST_030,2733.52,1982.12
2025-05-01,APAC,P200,CUST_015,1382.88,2030.62
2025-06-01,NA,P100,CUST_002,2285.34,2517.58
2025-06-01,NA,P100,CUST_003,661.48,2513.53
2025-06-01,NA,P100,CUST_006,338.89,2583.43
2025-06-01,NA,P100,CUST_010,3819.33,2490.01
2025-06-01,NA,P100,CUST_011,3696.75,2528.47
2025-06-01,NA,P100,CUST_013,2426.46,2562.94
2025-06-01,NA,P100,CUST_014,1499.87,2514.84
2025-06-01,NA,P100,CUST_015,4662.96,2500.09
2025-06-01,NA,P100,CUST_017,741.18,2587.59
2025-06-01,NA,P100,CUST_018,1200.04,2449.44
2025-06-01,NA,P100,CUST_026,553.52,2482.14
2025-06-01,NA,P100,CUST_027,184.9,2564.56
2025-06-01,NA,P100,CUST_028,2581.58,2509.96
2025-06-01,NA,P100,CUST_029,442.0,2583.26
2025-06-01,NA,P100,CUST_031,1663.76,2483.46
2025-06-01,NA,P100,CUST_032,52.58,2463.23
2025-06-01,NA,P100,CUST_033,3323.69,2517.72
2025-06-01,NA,P100,CUST_035,1034.24,2508.63
2025-06-01,NA,P100,CUST_036,4303.59,2545.31
2025-06-01,NA,P100,CUST_037,1502.25,2412.44
2025-06-01,NA,P100,CUST_019,1308.41,2477.83
2025-06-01,NA,P100,CUST_034,2362.84,2510.5
2025-06-01,NA,P100,CUST_039,407.41,2465.96
2025-06-01,NA,P200,CUST_002,495.34,2089.61
2025-06-01,NA,P200,CUST_003,90.1,2094.83
2025-06-01,NA,P200,CUST_006,1043.69,2142.34
2025-06-01,NA,P200,CUST_010,125.15,2130.35
2025-06-01,NA,P200,CUST_011,265.22,2091.6
2025-06-01,NA,P200,CUST_013,200.75,2111.86
2025-06-01,NA,P200,CUST_014,207.62,2142.89
2025-06-01,NA,P200,CUST_015,1694.04,2097.57
2025-06-01,NA,P200,CUST_017,357.06,2184.91
2025-06-01,NA,P200,CUST_018,859.44,2099.08
2025-06-01,NA,P200,CUST_026,97.02,2164.73
2025-06-01,NA,P200,CUST_027,1389.48,2014.07
2025-06-01,NA,P200,CUST_028,58.08,2155.66
2025-06-01,NA,P200,CUST_029,195.0,2126.5
2025-06-01,NA,P200,CUST_031,284.86,2085.37
2025-06-01,NA,P200,CUST_032,675.34,2117.83
2025-06-01,NA,P200,CUST_033,2120.41,2154.45
2025-06-01,NA,P200,CUST_035,1087.38,2116.3
2025-06-01,NA,P200,CUST_036,222.93,2085.74
2025-06-01,NA,P200,CUST_037,14.05,2104.04
2025-06-01,NA,P200,CUST_005,213.38,2107.41
2025-06-01,NA,P200,CUST_040,1.48,2137.19
2025-06-01,NA,P200,CUST_007,628.02,2046.75
2025-06-01,EMEA,P100,CUST_001,1295.42,2390.35
2025-06-01,EMEA,P100,CUST_004,5304.43,2326.96
2025-06-01,EMEA,P100,CUST_005,1953.13,2391.28
2025-06-01,EMEA,P100,CUST_008,473.92,2415.57
2025-06-01,EMEA,P100,CUST_009,1555.12,2361.11
2025-06-01,EMEA,P100,CUST_012,4819.61,2356.04
2025-06-01,EMEA,P100,CUST_016,3604.73,2379.13
2025-06-01,EMEA,P100,CUST_019,2230.28,2349.31
2025-06-01,EMEA,P100,CUST_020,2684.79,2432.72
2025-06-01,EMEA,P100,CUST_021,4640.56,2321.39
2025-06-01,EMEA,P100,CUST_023,274.79,2351.12
2025-06-01,EMEA,P100,CUST_024,2135.47,2327.18
2025-06-01,EMEA,P100,CUST_025,4051.79,2318.34
2025-06-01,EMEA,P100,CUST_030,2426.68,2405.08
2025-06-01,EMEA,P100,CUST_034,295.19,2349.06
2025-06-01,EMEA,P100,CUST_040,2406.64,2306.34
2025-06-01,EMEA,P100,CUST_003,3464.96,2406.23
2025-06-01,EMEA,P100,CUST_022,3383.08,2382.49
2025-06-01,EMEA,P100,CUST_039,77.54,2402.12
2025-06-01,EMEA,P200,CUST_001,48.51,1987.19
2025-06-01,EMEA,P200,CUST_004,23.46,2064.63
2025-06-01,EMEA,P200,CUST_005,113.08,2042.1
2025-06-01,EMEA,P200,CUST_008,94.47,2000.58
2025-06-01,EMEA,P200,CUST_009,511.09,2037.37
2025-06-01,EMEA,P200,CUST_012,539.65,2007.35
2025-06-01,EMEA,P200,CUST_016,185.71,2051.8
2025-06-01,EMEA,P200,CUST_019,518.24,2023.29
2025-06-01,EMEA,P200,CUST_020,959.13,1945.83
2025-06-01,EMEA,P200,CUST_021,727.25,2051.38
2025-06-01,EMEA,P200,CUST_023,599.04,2040.35
2025-06-01,EMEA,P200,CUST_024,554.93,1994.25
2025-06-01,EMEA,P200,CUST_025,373.88,1971.09
2025-06-01,EMEA,P200,CUST_030,624.45,2055.28
2025-06-01,EMEA,P200,CUST_034,2021.44,1979.8
2025-06-01,EMEA,P200,CUST_040,0.12,2083.49
2025-06-01,EMEA,P200,CUST_033,1887.04,2027.1
2025-06-01,EMEA,P200,CUST_035,134.15,1975.94
2025-06-01,EMEA,P200,CUST_028,195.05,1956.73
2025-06-01,APAC,P100,CUST_007,790.63,2231.49
2025-06-01,APAC,P100,CUST_022,6371.69,2274.92
2025-06-01,APAC,P100,CUST_038,5200.79,2225.44
2025-06-01,APAC,P100,CUST_039,440.4,2263.41
2025-06-01,APAC,P100,CUST_035,2836.42,2297.08
2025-06-01,APAC,P100,CUST_003,3893.57,2274.22
2025-06-01,APAC,P100,CUST_036,3340.11,2316.1
2025-06-01,APAC,P200,CUST_007,1827.98,1988.5
2025-06-01,APAC,P200,CUST_022,508.37,1977.21
2025-06-01,APAC,P200,CUST_038,1089.18,1886.5
2025-06-01,APAC,P200,CUST_039,739.75,1950.22
2025-06-01,APAC,P200,CUST_027,1555.41,2029.03
2025-06-01,APAC,P200,CUST_033,710.41,1955.91
2025-06-01,APAC,P200,CUST_001,134.52,1984.0
2025-07-01,NA,P100,CUST_002,2253.91,2498.29
2025-07-01,NA,P100,CUST_003,3440.08,2461.16
2025-07-01,NA,P100,CUST_006,25.3,2511.65
2025-07-01,NA,P100,CUST_010,4359.92,2502.64
2025-07-01,NA,P100,CUST_011,3734.62,2444.4
2025-07-01,NA,P100,CUST_013,2450.92,2465.2
2025-07-01,NA,P100,CUST_014,874.75,2519.03
2025-07-01,NA,P100,CUST_015,3406.71,2463.34
2025-07-01,NA,P100,CUST_017,2890.46,2550.84
2025-07-01,NA,P100,CUST_018,3880.36,2527.09
2025-07-01,NA,P100,CUST_026,618.94,2576.85
2025-07-01,NA,P100,CUST_027,1359.08,2568.06
2025-07-01,NA,P100,CUST_028,4030.6,2524.75
2025-07-01,NA,P100,CUST_029,3292.96,2544.47
2025-07-01,NA,P100,CUST_031,1506.41,2434.78
2025-07-01,NA,P100,CUST_032,795.27,2491.41
2025-07-01,NA,P100,CUST_036,1085.5,2476.87
2025-07-01,NA,P100,CUST_037,2063.3,2447.07
2025-07-01,NA,P100,CUST_007,3887.54,2556.33
2025-07-01,NA,P100,CUST_009,6978.93,2431.14
2025-07-01,NA,P100,CUST_039,676.76,2543.77
2025-07-01,NA,P200,CUST_002,1571.47,2004.83
2025-07-01,NA,P200,CUST_003,556.04,2109.05
2025-07-01,NA,P200,CUST_006,89.12,2071.81
2025-07-01,NA,P200,CUST_010,1360.61,2091.19
2025-07-01,NA,P200,CUST_011,423.73,2161.02
2025-07-01,NA,P200,CUST_013,237.13,2097.17
2025-07-01,NA,P200,CUST_014,92.81,2087.83
2025-07-01,NA,P200,CUST_015,1452.27,2125.17
2025-07-01,NA,P200,CUST_017,342.77,2055.87
2025-07-01,NA,P200,CUST_018,186.91,2145.55
2025-07-01,NA,P200,CUST_026,463.22,2141.09
2025-07-01,NA,P200,CUST_027,416.45,2175.55
2025-07-01,NA,P200,CUST_028,122.51,2198.32
2025-07-01,NA,P200,CUST_029,448.59,2128.6
2025-07-01,NA,P200,CUST_031,2017.2,2107.65
2025-07-01,NA,P200,CUST_032,301.43,2124.09
2025-07-01,NA,P200,CUST_036,1093.61,2093.24
2025-07-01,NA,P200,CUST_037,664.53,2199.15
2025-07-01,NA,P200,CUST_023,2375.29,2135.65
2025-07-01,NA,P200,CUST_019,2771.71,2072.91
2025-07-01,NA,P200,CUST_004,79.37,2152.41
2025-07-01,EMEA,P100,CUST_001,2392.96,2342.62
2025-07-01,EMEA,P100,CUST_004,1457.05,2355.71
2025-07-01,EMEA,P100,CUST_005,2104.66,2340.09
2025-07-01,EMEA,P100,CUST_008,2173.06,2374.41
2025-07-01,EMEA,P100,CUST_009,1969.33,2360.89
2025-07-01,EMEA,P100,CUST_012,2701.83,2421.28
2025-07-01,EMEA,P100,CUST_016,1396.39,2388.67
2025-07-01,EMEA,P100,CUST_019,2233.34,2265.48
2025-07-01,EMEA,P100,CUST_020,1277.3,2354.56
2025-07-01,EMEA,P100,CUST_021,1366.21,2368.21
2025-07-01,EMEA,P100,CUST_023,219.66,2404.8
2025-07-01,EMEA,P100,CUST_024,797.13,2272.88
2025-07-01,EMEA,P100,CUST_025,2882.52,2390.04
2025-07-01,EMEA,P100,CUST_030,992.79,2364.51
2025-07-01,EMEA,P100,CUST_034,329.84,2411.79
2025-07-01,EMEA,P100,CUST_040,5014.76,2311.33
2025-07-01,EMEA,P100,CUST_036,1537.0,2392.88
2025-07-01,EMEA,P100,CUST_029,831.35,2346.95
2025-07-01,EMEA,P100,CUST_003,1206.21,2324.04
2025-07-01,EMEA,P200,CUST_001,529.69,2058.5
2025-07-01,EMEA,P200,CUST_004,68.91,1932.99
2025-07-01,EMEA,P200,CUST_005,30.08,1916.19
2025-07-01,EMEA,P200,CUST_008,4807.17,2015.23
2025-07-01,EMEA,P200,CUST_009,366.07,1975.66
2025-07-01,EMEA,P200,CUST_012,56.67,1968.19
2025-07-01,EMEA,P200,CUST_016,69.52,2083.38
2025-07-01,EMEA,P200,CUST_019,618.56,2004.84
2025-07-01,EMEA,P200,CUST_020,73.07,2013.12
2025-07-01,EMEA,P200,CUST_021,1317.36,2026.36
2025-07-01,EMEA,P200,CUST_023,363.13,2027.41
2025-07-01,EMEA,P200,CUST_024,777.01,1994.64
2025-07-01,EMEA,P200,CUST_025,1189.21,1976.86
2025-07-01,EMEA,P200,CUST_030,596.22,2005.78
2025-07-01,EMEA,P200,CUST_034,500.38,2012.15
2025-07-01,EMEA,P200,CUST_040,4.93,2043.95
2025-07-01,EMEA,P200,CUST_022,38.5,1988.73
2025-07-01,EMEA,P200,CUST_006,180.45,2003.93
2025-07-01,EMEA,P200,CUST_002,606.25,2000.1
2025-07-01,APAC,P100,CUST_007,2365.44,2308.49
2025-07-01,APAC,P100,CUST_022,1952.28,2241.84
2025-07-01,APAC,P100,CUST_038,8312.81,2242.43
2025-07-01,APAC,P100,CUST_039,2965.78,2299.28
2025-07-01,APAC,P100,CUST_013,2202.69,2302.03
2025-07-01,APAC,P100,CUST_020,4246.19,2365.16
2025-07-01,APAC,P100,CUST_010,1463.85,2246.29
2025-07-01,APAC,P200,CUST_007,751.05,1955.73
2025-07-01,APAC,P200,CUST_022,2204.55,2018.06
2025-07-01,APAC,P200,CUST_038,1661.18,2036.65
2025-07-01,APAC,P200,CUST_039,999.92,1952.73
2025-07-01,APAC,P200,CUST_025,636.32,2070.93
2025-07-01,APAC,P200,CUST_013,406.57,1969.67
2025-07-01,APAC,P200,CUST_002,941.0,1990.6
2025-08-01,NA,P100,CUST_002,917.16,2537.36
2025-08-01,NA,P100,CUST_003,797.37,2467.92
2025-08-01,NA,P100,CUST_006,2250.21,2516.48
2025-08-01,NA,P100,CUST_010,3863.86,2494.93
2025-08-01,NA,P100,CUST_013,1681.41,2460.79
2025-08-01,NA,P100,CUST_014,5087.02,2529.43
2025-08-01,NA,P100,CUST_015,2112.51,2552.32
2025-08-01,NA,P100,CUST_017,5136.29,2474.97
2025-08-01,NA,P100,CUST_018,2827.22,2460.39
2025-08-01,NA,P100,CUST_026,884.99,2561.61
2025-08-01,NA,P100,CUST_027,804.08,2582.43
2025-08-01,NA,P100,CUST_028,2025.29,2511.36
2025-08-01,NA,P100,CUST_029,1005.02,2505.5
2025-08-01,NA,P100,CUST_031,4073.33,2556.94
2025-08-01,NA,P100,CUST_032,466.84,2492.87
2025-08-01,NA,P100,CUST_036,7787.05,2549.67
2025-08-01,NA,P100,CUST_037,654.55,2525.01
2025-08-01,NA,P100,CUST_038,2250.68,2510.94
2025-08-01,NA,P100,CUST_019,3906.81,2543.46
2025-08-01,NA,P100,CUST_004,427.45,2551.61
2025-08-01,NA,P200,CUST_002,82.37,2086.2
2025-08-01,NA,P200,CUST_003,533.59,2127.87
2025-08-01,NA,P200,CUST_006,0.41,2142.13
2025-08-01,NA,P200,CUST_010,391.72,2052.86
2025-08-01,NA,P200,CUST_013,13.53,2127.09
2025-08-01,NA,P200,CUST_014,1943.3,2140.19
2025-08-01,NA,P200,CUST_015,1490.53,2130.66
2025-08-01,NA,P200,CUST_017,1806.66,2153.0
2025-08-01,NA,P200,CUST_018,364.44,2140.96
2025-08-01,NA,P200,CUST_026,14.38,2132.11
2025-08-01,NA,P200,CUST_027,7594.87,2127.35
2025-08-01,NA,P200,CUST_028,87.55,2158.98
2025-08-01,NA,P200,CUST_029,78.12,2105.75
2025-08-01,NA,P200,CUST_031,1351.75,2083.97
2025-08-01,NA,P200,CUST_032,628.36,2067.84
2025-08-01,NA,P200,CUST_036,104.74,2153.36
2025-08-01,NA,P200,CUST_037,934.38,2153.95
2025-08-01,NA,P200,CUST_024,1203.03,2168.96
2025-08-01,NA,P200,CUST_023,545.97,2150.32
2025-08-01,NA,P200,CUST_020,1224.77,2132.67
2025-08-01,EMEA,P100,CUST_001,3763.45,2374.06
2025-08-01,EMEA,P100,CUST_004,3213.15,2309.31
2025-08-01,EMEA,P100,CUST_005,6145.74,2332.3
2025-08-01,EMEA,P100,CUST_008,4163.38,2312.61
2025-08-01,EMEA,P100,CUST_009,1279.15,2416.99
2025-08-01,EMEA,P100,CUST_012,740.84,2376.94
2025-08-01,EMEA,P100,CUST_016,1316.6,2306.95
2025-08-01,EMEA,P100,CUST_019,4115.11,2304.45
2025-08-01,EMEA,P100,CUST_020,1837.4,2339.87
2025-08-01,EMEA,P100,CUST_021,775.32,2320.22
2025-08-01,EMEA,P100,CUST_023,800.78,2374.32
2025-08-01,EMEA,P100,CUST_024,3164.11,2341.13
2025-08-01,EMEA,P100,CUST_025,668.25,2290.68
2025-08-01,EMEA,P100,CUST_030,2649.56,2319.11
2025-08-01,EMEA,P100,CUST_034,1478.32,2418.65
2025-08-01,EMEA,P100,CUST_040,2844.64,2383.05
2025-08-01,EMEA,P100,CUST_010,3885.14,2402.35
2025-08-01,EMEA,P100,CUST_015,1926.78,2336.31
2025-08-01,EMEA,P200,CUST_001,158.81,1954.8
2025-08-01,EMEA,P200,CUST_004,543.05,1917.03
2025-08-01,EMEA,P200,CUST_005,666.07,2013.44
2025-08-01,EMEA,P200,CUST_008,750.23,2054.13
2025-08-01,EMEA,P200,CUST_009,386.24,1985.56
2025-08-01,EMEA,P200,CUST_012,2219.17,2002.86
2025-08-01,EMEA,P200,CUST_016,2803.26,2012.38
2025-08-01,EMEA,P200,CUST_019,61.17,1953.45
2025-08-01,EMEA,P200,CUST_020,1108.18,1995.61
2025-08-01,EMEA,P200,CUST_021,593.92,1968.35
2025-08-01,EMEA,P200,CUST_023,364.58,1967.89
2025-08-01,EMEA,P200,CUST_024,2576.62,2083.98
2025-08-01,EMEA,P200,CUST_025,1580.22,1979.84
2025-08-01,EMEA,P200,CUST_030,593.73,2014.92
2025-08-01,EMEA,P200,CUST_034,295.24,1938.25
2025-08-01,EMEA,P200,CUST_040,23.81,1977.04
2025-08-01,EMEA,P200,CUST_027,1008.16,2018.89
2025-08-01,EMEA,P200,CUST_028,18.87,2005.11
2025-08-01,EMEA,P200,CUST_017,313.21,2074.93
2025-08-01,APAC,P100,CUST_007,4661.55,2350.11
2025-08-01,APAC,P100,CUST_022,2005.82,2156.9
2025-08-01,APAC,P100,CUST_038,6091.35,2320.81
2025-08-01,APAC,P100,CUST_039,2897.67,2333.29
2025-08-01,APAC,P100,CUST_019,2829.9,2259.32
2025-08-01,APAC,P100,CUST_002,1556.85,2315.85
2025-08-01,APAC,P100,CUST_034,3347.34,2276.9
2025-08-01,APAC,P200,CUST_007,625.68,1981.58
2025-08-01,APAC,P200,CUST_022,2858.53,1950.94
2025-08-01,APAC,P200,CUST_038,1475.33,1923.49
2025-08-01,APAC,P200,CUST_039,204.49,1991.23
2025-08-01,APAC,P200,CUST_030,649.31,2012.17
2025-08-01,APAC,P200,CUST_012,1795.71,2030.26
2025-08-01,APAC,P200,CUST_025,1713.09,1972.96
2025-09-01,NA,P100,CUST_002,6943.45,2522.23
2025-09-01,NA,P100,CUST_003,4029.74,2588.99
2025-09-01,NA,P100,CUST_006,751.08,2545.73
2025-09-01,NA,P100,CUST_010,1690.56,2596.01
2025-09-01,NA,P100,CUST_013,2307.96,2492.62
2025-09-01,NA,P100,CUST_014,1354.57,2452.57
2025-09-01,NA,P100,CUST_015,5163.65,2525.34
2025-09-01,NA,P100,CUST_017,5907.1,2522.79
2025-09-01,NA,P100,CUST_018,891.92,2512.28
2025-09-01,NA,P100,CUST_026,2423.76,2591.03
2025-09-01,NA,P100,CUST_027,2493.33,2503.36
2025-09-01,NA,P100,CUST_028,367.45,2443.32
2025-09-01,NA,P100,CUST_029,2347.65,2553.11
2025-09-01,NA,P100,CUST_031,6480.27,2493.03
2025-09-01,NA,P100,CUST_032,1884.15,2533.03
2025-09-01,NA,P100,CUST_036,1837.51,2510.26
2025-09-01,NA,P100,CUST_037,1286.11,2493.65
2025-09-01,NA,P100,CUST_009,124.81,2453.35
2025-09-01,NA,P100,CUST_022,845.34,2456.01
2025-09-01,NA,P100,CUST_005,5046.39,2486.0
2025-09-01,NA,P200,CUST_002,1295.04,2091.41
2025-09-01,NA,P200,CUST_003,505.57,2128.19
2025-09-01,NA,P200,CUST_006,327.43,2111.25
2025-09-01,NA,P200,CUST_010,322.66,2141.32
2025-09-01,NA,P200,CUST_013,852.9,2047.92
2025-09-01,NA,P200,CUST_014,1114.35,2048.44
2025-09-01,NA,P200,CUST_015,1576.52,2118.42
2025-09-01,NA,P200,CUST_017,293.46,2165.76
2025-09-01,NA,P200,CUST_018,1991.61,2062.9
2025-09-01,NA,P200,CUST_026,348.2,2121.33
2025-09-01,NA,P200,CUST_027,833.02,2020.27
2025-09-01,NA,P200,CUST_028,30.24,2078.78
2025-09-01,NA,P200,CUST_029,48.8,2124.58
2025-09-01,NA,P200,CUST_031,1110.53,2096.99
2025-09-01,NA,P200,CUST_032,4.22,2110.03
2025-09-01,NA,P200,CUST_036,1442.53,2109.89
2025-09-01,NA,P200,CUST_037,2371.59,2099.76
2025-09-01,NA,P200,CUST_030,1615.89,2138.71
2025-09-01,NA,P200,CUST_021,3902.65,2125.09
2025-09-01,NA,P200,CUST_005,1698.14,2050.22
2025-09-01,EMEA,P100,CUST_001,1259.91,2398.03
2025-09-01,EMEA,P100,CUST_004,2751.15,2317.18
2025-09-01,EMEA,P100,CUST_005,5366.27,2389.42
2025-09-01,EMEA,P100,CUST_008,3518.91,2430.25
2025-09-01,EMEA,P100,CUST_009,657.22,2370.14
2025-09-01,EMEA,P100,CUST_012,1243.17,2398.71
2025-09-01,EMEA,P100,CUST_016,639.87,2314.88
2025-09-01,EMEA,P100,CUST_019,190.89,2411.97
2025-09-01,EMEA,P100,CUST_020,803.95,2430.1
2025-09-01,EMEA,P100,CUST_021,338.16,2420.38
2025-09-01,EMEA,P100,CUST_023,2257.2,2339.6
2025-09-01,EMEA,P100,CUST_024,3529.33,2327.91
2025-09-01,EMEA,P100,CUST_025,1648.53,2361.02
2025-09-01,EMEA,P100,CUST_030,1196.34,2340.37
2025-09-01,EMEA,P100,CUST_034,226.0,2299.34
2025-09-01,EMEA,P100,CUST_040,1235.48,2292.12
2025-09-01,EMEA,P100,CUST_006,1482.2,2318.31
2025-09-01,EMEA,P100,CUST_013,1543.93,2345.91
2025-09-01,EMEA,P100,CUST_028,2082.41,2346.24
2025-09-01,EMEA,P200,CUST_001,65.34,2020.08
2025-09-01,EMEA,P200,CUST_004,214.76,2019.43
2025-09-01,EMEA,P200,CUST_005,19.53,2031.87
2025-09-01,EMEA,P200,CUST_008,280.32,2000.27
2025-09-01,EMEA,P200,CUST_009,1083.79,1957.61
2025-09-01,EMEA,P200,CUST_012,574.98,1925.53
2025-09-01,EMEA,P200,CUST_016,1048.59,2005.03
2025-09-01,EMEA,P200,CUST_019,231.32,2016.88
2025-09-01,EMEA,P200,CUST_020,817.17,1985.52
2025-09-01,EMEA,P200,CUST_021,1101.18,1978.87
2025-09-01,EMEA,P200,CUST_023,1294.98,2049.41
2025-09-01,EMEA,P200,CUST_024,736.18,1979.11
2025-09-01,EMEA,P200,CUST_025,612.92,1988.96
2025-09-01,EMEA,P200,CUST_030,1396.37,1925.6
2025-09-01,EMEA,P200,CUST_034,2071.99,2060.98
2025-09-01,EMEA,P200,CUST_040,929.74,2055.63
2025-09-01,EMEA,P200,CUST_010,2684.15,2029.69
2025-09-01,EMEA,P200,CUST_038,467.64,1975.31
2025-09-01,EMEA,P200,CUST_007,184.75,1872.37
2025-09-01,APAC,P100,CUST_007,522.43,2311.16
2025-09-01,APAC,P100,CUST_022,1368.8,2221.1
2025-09-01,APAC,P100,CUST_038,5417.19,2346.11
2025-09-01,APAC,P100,CUST_039,1016.98,2268.88
2025-09-01,APAC,P100,CUST_005,4210.93,2286.41
2025-09-01,APAC,P100,CUST_026,5441.73,2318.09
2025-09-01,APAC,P100,CUST_029,2248.25,2227.26
2025-09-01,APAC,P200,CUST_007,1118.02,1984.31
2025-09-01,APAC,P200,CUST_022,978.63,1975.27
2025-09-01,APAC,P200,CUST_038,221.24,1927.28
2025-09-01,APAC,P200,CUST_039,1004.55,1935.83
2025-09-01,APAC,P200,CUST_013,73.53,2010.49
2025-09-01,APAC,P200,CUST_027,3633.93,2027.94
2025-09-01,APAC,P200,CUST_010,4057.77,1998.36
2025-10-01,NA,P100,CUST_002,6723.49,2472.45
2025-10-01,NA,P100,CUST_003,3262.46,2493.62
2025-10-01,NA,P100,CUST_006,219.11,2489.39
2025-10-01,NA,P100,CUST_010,1370.49,2546.09
2025-10-01,NA,P100,CUST_013,765.75,2483.5
2025-10-01,NA,P100,CUST_014,1494.55,2540.79
2025-10-01,NA,P100,CUST_015,3472.51,2565.72
2025-10-01,NA,P100,CUST_017,4253.73,2541.34
2025-10-01,NA,P100,CUST_018,6234.29,2479.27
2025-10-01,NA,P100,CUST_026,126.3,2512.77
2025-10-01,NA,P100,CUST_027,1386.7,2537.59
2025-10-01,NA,P100,CUST_028,543.73,2639.78
2025-10-01,NA,P100,CUST_029,4679.03,2527.64
2025-10-01,NA,P100,CUST_031,2842.72,2520.74
2025-10-01,NA,P100,CUST_032,2314.08,2585.92
2025-10-01,NA,P100,CUST_033,1414.41,2625.57
2025-10-01,NA,P100,CUST_035,1577.03,2605.01
2025-10-01,NA,P100,CUST_036,1281.17,2412.15
2025-10-01,NA,P100,CUST_037,776.51,2530.74
2025-10-01,NA,P100,CUST_024,1429.03,2528.11
2025-10-01,NA,P100,CUST_034,506.85,2497.16
2025-10-01,NA,P100,CUST_008,1264.58,2449.96
2025-10-01,NA,P200,CUST_002,294.05,2102.25
2025-10-01,NA,P200,CUST_003,680.2,2170.56
2025-10-01,NA,P200,CUST_006,111.38,2123.76
2025-10-01,NA,P200,CUST_010,1211.18,2087.24
2025-10-01,NA,P200,CUST_013,854.83,2069.0
2025-10-01,NA,P200,CUST_014,2191.23,2150.21
2025-10-01,NA,P200,CUST_015,2648.53,2099.61
2025-10-01,NA,P200,CUST_017,1456.25,2164.71
2025-10-01,NA,P200,CUST_018,66.16,2112.89
2025-10-01,NA,P200,CUST_026,1091.05,2064.65
2025-10-01,NA,P200,CUST_027,1113.56,2142.38
2025-10-01,NA,P200,CUST_028,8.47,2147.75
2025-10-01,NA,P200,CUST_029,482.09,2095.37
2025-10-01,NA,P200,CUST_031,541.79,2100.26
2025-10-01,NA,P200,CUST_032,216.1,2158.8
2025-10-01,NA,P200,CUST_033,255.06,2176.58
2025-10-01,NA,P200,CUST_035,3726.18,2127.57
2025-10-01,NA,P200,CUST_036,1400.88,2060.88
2025-10-01,NA,P200,CUST_037,570.33,2158.25
2025-10-01,NA,P200,CUST_020,1555.23,2106.94
2025-10-01,NA,P200,CUST_039,39.95,2120.9
2025-10-01,NA,P200,CUST_007,2271.65,2088.85
2025-10-01,EMEA,P100,CUST_001,2416.89,2333.75
2025-10-01,EMEA,P100,CUST_004,607.72,2348.91
2025-10-01,EMEA,P100,CUST_005,827.32,2339.39
2025-10-01,EMEA,P100,CUST_008,998.33,2315.81
2025-10-01,EMEA,P100,CUST_009,985.41,2287.7
2025-10-01,EMEA,P100,CUST_012,4715.33,2327.64
2025-10-01,EMEA,P100,CUST_016,1724.43,2288.68
2025-10-01,EMEA,P100,CUST_019,1851.72,2242.3
2025-10-01,EMEA,P100,CUST_020,1811.19,2277.69
2025-10-01,EMEA,P100,CUST_021,504.92,2437.86
2025-10-01,EMEA,P100,CUST_023,3607.19,2320.5
2025-10-01,EMEA,P100,CUST_024,750.24,2226.09
2025-10-01,EMEA,P100,CUST_025,244.96,2319.42
2025-10-01,EMEA,P100,CUST_030,812.22,2261.62
2025-10-01,EMEA,P100,CUST_034,2233.44,2410.51
2025-10-01,EMEA,P100,CUST_040,2456.68,2389.11
2025-10-01,EMEA,P100,CUST_036,2526.54,2308.55
2025-10-01,EMEA,P100,CUST_031,1816.92,2286.56
2025-10-01,EMEA,P100,CUST_028,1016.82,2394.79
2025-10-01,EMEA,P200,CUST_001,52.16,2016.21
2025-10-01,EMEA,P200,CUST_004,1777.19,1899.79
2025-10-01,EMEA,P200,CUST_005,382.9,1987.92
2025-10-01,EMEA,P200,CUST_008,129.04,1967.49
2025-10-01,EMEA,P200,CUST_009,1012.64,2040.5
2025-10-01,EMEA,P200,CUST_012,2643.24,2048.02
2025-10-01,EMEA,P200,CUST_016,305.65,1996.96
2025-10-01,EMEA,P200,CUST_019,488.58,2035.34
2025-10-01,EMEA,P200,CUST_020,716.52,1996.66
2025-10-01,EMEA,P200,CUST_021,287.25,1948.56
2025-10-01,EMEA,P200,CUST_023,3798.28,2066.09
2025-10-01,EMEA,P200,CUST_024,273.41,2014.69
2025-10-01,EMEA,P200,CUST_025,1663.22,2065.32
2025-10-01,EMEA,P200,CUST_030,1275.41,1956.51
2025-10-01,EMEA,P200,CUST_034,1259.5,2005.83
2025-10-01,EMEA,P200,CUST_040,3.19,1963.46
2025-10-01,EMEA,P200,CUST_031,3748.82,1939.26
2025-10-01,EMEA,P200,CUST_003,1.94,2085.81
2025-10-01,EMEA,P200,CUST_029,11.54,2002.59
2025-10-01,APAC,P100,CUST_007,656.32,2374.45
2025-10-01,APAC,P100,CUST_022,4222.88,2251.95
2025-10-01,APAC,P100,CUST_038,5271.65,2309.88
2025-10-01,APAC,P100,CUST_039,3156.57,2326.38
2025-10-01,APAC,P100,CUST_037,2841.47,2291.3
2025-10-01,APAC,P100,CUST_030,1638.78,2308.84
2025-10-01,APAC,P100,CUST_014,1218.24,2312.46
2025-10-01,APAC,P200,CUST_007,4241.36,2028.49
2025-10-01,APAC,P200,CUST_022,1468.69,2015.74
2025-10-01,APAC,P200,CUST_038,3818.11,1980.45
2025-10-01,APAC,P200,CUST_039,68.13,1997.22
2025-10-01,APAC,P200,CUST_001,17.1,2014.38
2025-10-01,APAC,P200,CUST_019,867.38,1879.45
2025-10-01,APAC,P200,CUST_025,1721.14,1915.46
2025-11-01,NA,P100,CUST_002,1956.48,2580.34
2025-11-01,NA,P100,CUST_003,826.69,2472.58
2025-11-01,NA,P100,CUST_006,178.44,2548.93
2025-11-01,NA,P100,CUST_010,2409.07,2539.47
2025-11-01,NA,P100,CUST_011,4080.81,2496.78
2025-11-01,NA,P100,CUST_013,4571.31,2505.58
2025-11-01,NA,P100,CUST_014,3093.71,2568.69
2025-11-01,NA,P100,CUST_015,1980.78,2420.03
2025-11-01,NA,P100,CUST_017,325.14,2490.43
2025-11-01,NA,P100,CUST_018,855.38,2470.8
2025-11-01,NA,P100,CUST_026,157.13,2613.15
2025-11-01,NA,P100,CUST_027,455.31,2462.62
2025-11-01,NA,P100,CUST_028,193.68,2544.92
2025-11-01,NA,P100,CUST_029,1080.14,2526.25
2025-11-01,NA,P100,CUST_031,1900.33,2544.32
2025-11-01,NA,P100,CUST_032,1725.6,2512.11
2025-11-01,NA,P100,CUST_033,805.75,2491.91
2025-11-01,NA,P100,CUST_035,1393.75,2503.85
2025-11-01,NA,P100,CUST_036,1168.47,2491.06
2025-11-01,NA,P100,CUST_037,549.34,2502.5
2025-11-01,NA,P100,CUST_001,1088.01,2551.75
2025-11-01,NA,P100,CUST_034,2930.36,2630.98
2025-11-01,NA,P100,CUST_009,227.04,2524.45
2025-11-01,NA,P200,CUST_002,154.84,2069.22
2025-11-01,NA,P200,CUST_003,9.88,2040.39
2025-11-01,NA,P200,CUST_006,316.74,2027.6
2025-11-01,NA,P200,CUST_010,215.1,2148.52
2025-11-01,NA,P200,CUST_011,106.79,2135.43
2025-11-01,NA,P200,CUST_013,186.84,2145.99
2025-11-01,NA,P200,CUST_014,1000.3,2118.15
2025-11-01,NA,P200,CUST_015,2436.45,2184.03
2025-11-01,NA,P200,CUST_017,1.53,2083.05
2025-11-01,NA,P200,CUST_018,1723.45,2117.01
2025-11-01,NA,P200,CUST_026,515.88,2120.78
2025-11-01,NA,P200,CUST_027,2126.84,2117.42
2025-11-01,NA,P200,CUST_029,110.98,2110.89
2025-11-01,NA,P200,CUST_031,730.46,2098.74
2025-11-01,NA,P200,CUST_032,778.29,2033.47
2025-11-01,NA,P200,CUST_033,543.4,2056.79
2025-11-01,NA,P200,CUST_035,413.58,2122.87
2025-11-01,NA,P200,CUST_036,4494.76,2054.46
2025-11-01,NA,P200,CUST_037,1812.28,2139.91
2025-11-01,NA,P200,CUST_022,7.1,2104.39
2025-11-01,NA,P200,CUST_005,952.32,2073.26
2025-11-01,NA,P200,CUST_034,398.96,2180.75
2025-11-01,EMEA,P100,CUST_001,135.19,2396.07
2025-11-01,EMEA,P100,CUST_004,1628.06,2366.83
2025-11-01,EMEA,P100,CUST_005,731.87,2235.79
2025-11-01,EMEA,P100,CUST_008,269.7,2471.96
2025-11-01,EMEA,P100,CUST_009,293.14,2268.57
2025-11-01,EMEA,P100,CUST_012,1598.79,2365.8
2025-11-01,EMEA,P100,CUST_016,1624.39,2314.03
2025-11-01,EMEA,P100,CUST_019,710.93,2328.6
2025-11-01,EMEA,P100,CUST_020,3006.91,2433.37
2025-11-01,EMEA,P100,CUST_021,2822.5,2417.23
2025-11-01,EMEA,P100,CUST_023,761.82,2454.62
2025-11-01,EMEA,P100,CUST_024,672.59,2275.74
2025-11-01,EMEA,P100,CUST_025,2685.26,2338.02
2025-11-01,EMEA,P100,CUST_030,730.98,2337.73
2025-11-01,EMEA,P100,CUST_034,603.05,2300.93
2025-11-01,EMEA,P100,CUST_040,578.99,2327.61
2025-11-01,EMEA,P100,CUST_027,3522.7,2384.79
2025-11-01,EMEA,P100,CUST_038,325.04,2283.44
2025-11-01,EMEA,P100,CUST_011,440.09,2393.41
2025-11-01,EMEA,P200,CUST_001,187.09,1962.03
2025-11-01,EMEA,P200,CUST_004,642.55,1959.68
2025-11-01,EMEA,P200,CUST_005,97.72,1954.08
2025-11-01,EMEA,P200,CUST_008,202.71,1998.46
2025-11-01,EMEA,P200,CUST_009,1064.9,2027.37
2025-11-01,EMEA,P200,CUST_012,1057.8,1936.71
2025-11-01,EMEA,P200,CUST_016,1445.59,1985.29
2025-11-01,EMEA,P200,CUST_019,789.92,1955.0
2025-11-01,EMEA,P200,CUST_020,1803.01,1999.12
2025-11-01,EMEA,P200,CUST_021,212.19,2025.21
2025-11-01,EMEA,P200,CUST_023,1321.81,1990.04
2025-11-01,EMEA,P200,CUST_024,42.36,1985.67
2025-11-01,EMEA,P200,CUST_025,2191.68,1960.04
2025-11-01,EMEA,P200,CUST_030,2091.92,2032.88
2025-11-01,EMEA,P200,CUST_034,1273.02,1985.81
2025-11-01,EMEA,P200,CUST_040,3.7,1907.65
2025-11-01,EMEA,P200,CUST_037,1410.56,2003.98
2025-11-01,EMEA,P200,CUST_028,33.76,2001.0
2025-11-01,EMEA,P200,CUST_002,388.94,2004.01
2025-11-01,APAC,P100,CUST_007,2823.26,2287.83
2025-11-01,APAC,P100,CUST_022,2292.35,2303.56
2025-11-01,APAC,P100,CUST_038,1961.97,2262.16
2025-11-01,APAC,P100,CUST_039,331.67,2276.94
2025-11-01,APAC,P100,CUST_020,3806.26,2273.36
2025-11-01,APAC,P100,CUST_017,1193.69,2263.21
2025-11-01,APAC,P100,CUST_009,450.17,2319.32
2025-11-01,APAC,P200,CUST_007,808.33,2021.58
2025-11-01,APAC,P200,CUST_022,377.04,2032.07
2025-11-01,APAC,P200,CUST_038,2893.14,1938.61
2025-11-01,APAC,P200,CUST_039,1893.39,1984.55
2025-11-01,APAC,P200,CUST_030,2546.97,1928.29
2025-11-01,APAC,P200,CUST_023,2485.75,1964.43
2025-11-01,APAC,P200,CUST_021,922.86,1941.15
2025-12-01,NA,P100,CUST_002,168.7,2527.27
2025-12-01,NA,P100,CUST_003,1843.03,2446.31
2025-12-01,NA,P100,CUST_006,52.09,2570.36
2025-12-01,NA,P100,CUST_010,875.03,2547.21
2025-12-01,NA,P100,CUST_011,2076.9,2532.73
2025-12-01,NA,P100,CUST_013,126.4,2524.55
2025-12-01,NA,P100,CUST_014,1749.52,2610.89
2025-12-01,NA,P100,CUST_015,670.51,2572.61
2025-12-01,NA,P100,CUST_017,1498.39,2411.24
2025-12-01,NA,P100,CUST_018,968.78,2549.83
2025-12-01,NA,P100,CUST_026,2865.47,2606.79
2025-12-01,NA,P100,CUST_027,995.95,2541.87
2025-12-01,NA,P100,CUST_028,2763.03,2559.62
2025-12-01,NA,P100,CUST_029,882.28,2505.28
2025-12-01,NA,P100,CUST_031,2685.54,2658.87
2025-12-01,NA,P100,CUST_032,614.45,2570.53
2025-12-01,NA,P100,CUST_033,699.62,2510.36
2025-12-01,NA,P100,CUST_035,2093.21,2582.7
2025-12-01,NA,P100,CUST_036,2445.98,2478.19
2025-12-01,NA,P100,CUST_037,1811.87,2495.21
2025-12-01,NA,P100,CUST_004,627.36,2488.05
2025-12-01,NA,P100,CUST_040,60.09,2474.47
2025-12-01,NA,P200,CUST_002,71.86,2054.59
2025-12-01,NA,P200,CUST_003,10.52,2222.55
2025-12-01,NA,P200,CUST_006,80.51,2097.77
2025-12-01,NA,P200,CUST_010,161.02,2183.47
2025-12-01,NA,P200,CUST_011,439.85,2180.01
2025-12-01,NA,P200,CUST_013,685.63,2126.32
2025-12-01,NA,P200,CUST_014,261.58,2157.36
2025-12-01,NA,P200,CUST_015,479.03,2119.68
2025-12-01,NA,P200,CUST_017,8.18,2181.32
2025-12-01,NA,P200,CUST_018,131.03,2172.35
2025-12-01,NA,P200,CUST_026,292.19,2140.5
2025-12-01,NA,P200,CUST_027,1166.71,2137.81
2025-12-01,NA,P200,CUST_028,19.77,2155.38
2025-12-01,NA,P200,CUST_029,570.3,2155.48
2025-12-01,NA,P200,CUST_031,2427.38,2106.27
2025-12-01,NA,P200,CUST_032,718.05,2105.96
2025-12-01,NA,P200,CUST_033,2103.2,2194.94
2025-12-01,NA,P200,CUST_035,701.6,2060.32
2025-12-01,NA,P200,CUST_036,779.93,2092.68
2025-12-01,NA,P200,CUST_037,4491.12,2112.09
2025-12-01,NA,P200,CUST_016,214.49,2124.39
2025-12-01,NA,P200,CUST_019,688.41,2138.57
2025-12-01,NA,P200,CUST_023,64.48,2117.42
2025-12-01,EMEA,P100,CUST_001,317.01,2445.98
2025-12-01,EMEA,P100,CUST_004,1907.59,2351.05
2025-12-01,EMEA,P100,CUST_005,1617.28,2402.41
2025-12-01,EMEA,P100,CUST_008,482.52,2298.36
2025-12-01,EMEA,P100,CUST_009,370.55,2404.12
2025-12-01,EMEA,P100,CUST_012,542.65,2337.08
2025-12-01,EMEA,P100,CUST_016,253.24,2366.89
2025-12-01,EMEA,P100,CUST_019,1514.99,2385.31
2025-12-01,EMEA,P100,CUST_020,802.08,2343.95
2025-12-01,EMEA,P100,CUST_021,644.39,2381.25
2025-12-01,EMEA,P100,CUST_023,1418.31,2326.19
2025-12-01,EMEA,P100,CUST_024,220.14,2388.14
2025-12-01,EMEA,P100,CUST_025,2336.5,2333.48
2025-12-01,EMEA,P100,CUST_030,1766.2,2413.94
2025-12-01,EMEA,P100,CUST_040,831.94,2394.27
2025-12-01,EMEA,P100,CUST_018,2339.1,2391.91
2025-12-01,EMEA,P100,CUST_010,1518.22,2385.16
2025-12-01,EMEA,P100,CUST_006,175.12,2319.79
2025-12-01,EMEA,P200,CUST_001,50.15,1985.21
2025-12-01,EMEA,P200,CUST_004,202.63,1924.15
2025-12-01,EMEA,P200,CUST_005,391.3,2000.88
2025-12-01,EMEA,P200,CUST_008,512.2,2011.96
2025-12-01,EMEA,P200,CUST_009,234.1,1993.51
2025-12-01,EMEA,P200,CUST_012,395.64,1991.12
2025-12-01,EMEA,P200,CUST_016,585.51,2068.17
2025-12-01,EMEA,P200,CUST_019,897.01,1932.1
2025-12-01,EMEA,P200,CUST_020,748.58,1946.85
2025-12-01,EMEA,P200,CUST_021,1282.8,2022.89
2025-12-01,EMEA,P200,CUST_023,280.49,1928.95
2025-12-01,EMEA,P200,CUST_024,1402.48,2021.61
2025-12-01,EMEA,P200,CUST_025,10.78,1975.86
2025-12-01,EMEA,P200,CUST_030,1057.16,1990.57
2025-12-01,EMEA,P200,CUST_040,423.11,1981.18
2025-12-01,EMEA,P200,CUST_010,1710.4,1992.6
2025-12-01,EMEA,P200,CUST_002,76.63,2116.26
2025-12-01,EMEA,P200,CUST_014,1353.75,2002.87
2025-12-01,APAC,P100,CUST_007,107.38,2256.98
2025-12-01,APAC,P100,CUST_022,1226.79,2263.44
2025-12-01,APAC,P100,CUST_038,1549.09,2287.89
2025-12-01,APAC,P100,CUST_039,2919.7,2343.28
2025-12-01,APAC,P100,CUST_036,3471.2,2269.27
2025-12-01,APAC,P100,CUST_028,1114.1,2300.13
2025-12-01,APAC,P100,CUST_009,1715.01,2203.69
2025-12-01,APAC,P200,CUST_007,2018.23,1995.03
2025-12-01,APAC,P200,CUST_022,245.55,2006.93
2025-12-01,APAC,P200,CUST_038,1061.6,2033.31
2025-12-01,APAC,P200,CUST_039,529.5,1950.2
2025-12-01,APAC,P200,CUST_020,1036.89,1953.89
2025-12-01,APAC,P200,CUST_031,2143.18,1949.18
2025-12-01,APAC,P200,CUST_029,672.11,1964.58
2026-01-01,NA,P100,CUST_002,1609.62,2622.28
2026-01-01,NA,P100,CUST_003,2041.91,2503.53
2026-01-01,NA,P100,CUST_006,946.84,2591.81
2026-01-01,NA,P100,CUST_010,3542.76,2465.24
2026-01-01,NA,P100,CUST_011,1338.96,2566.84
2026-01-01,NA,P100,CUST_013,1376.23,2498.26
2026-01-01,NA,P100,CUST_014,1120.35,2550.52
2026-01-01,NA,P100,CUST_015,1106.71,2586.35
2026-01-01,NA,P100,CUST_017,1927.31,2563.11
2026-01-01,NA,P100,CUST_018,239.16,2467.54
2026-01-01,NA,P100,CUST_026,229.45,2441.85
2026-01-01,NA,P100,CUST_027,4080.55,2540.79
2026-01-01,NA,P100,CUST_028,881.41,2512.89
2026-01-01,NA,P100,CUST_029,1233.19,2443.62
2026-01-01,NA,P100,CUST_031,4170.64,2460.77
2026-01-01,NA,P100,CUST_032,1713.5,2460.45
2026-01-01,NA,P100,CUST_033,808.65,2512.17
2026-01-01,NA,P100,CUST_035,672.26,2567.54
2026-01-01,NA,P100,CUST_036,2376.23,2509.94
2026-01-01,NA,P100,CUST_037,1889.45,2475.76
2026-01-01,NA,P100,CUST_001,1069.06,2477.17
2026-01-01,NA,P100,CUST_008,1858.87,2582.76
2026-01-01,NA,P100,CUST_020,3343.87,2508.33
2026-01-01,NA,P200,CUST_002,761.23,2125.11
2026-01-01,NA,P200,CUST_003,31.46,2101.91
2026-01-01,NA,P200,CUST_006,201.67,2122.63
2026-01-01,NA,P200,CUST_010,340.07,2091.3
2026-01-01,NA,P200,CUST_011,599.87,2146.37
2026-01-01,NA,P200,CUST_013,923.23,2152.66
2026-01-01,NA,P200,CUST_014,192.04,2097.96
2026-01-01,NA,P200,CUST_015,921.42,2155.93
2026-01-01,NA,P200,CUST_017,372.84,2176.72
2026-01-01,NA,P200,CUST_018,398.98,2129.33
2026-01-01,NA,P200,CUST_026,223.81,2115.31
2026-01-01,NA,P200,CUST_027,1208.52,2141.56
2026-01-01,NA,P200,CUST_028,47.06,2200.3
2026-01-01,NA,P200,CUST_029,50.34,2165.79
2026-01-01,NA,P200,CUST_031,851.15,2171.94
2026-01-01,NA,P200,CUST_032,294.36,2108.28
2026-01-01,NA,P200,CUST_033,194.69,2139.09
2026-01-01,NA,P200,CUST_035,513.02,2099.77
2026-01-01,NA,P200,CUST_036,407.14,2183.63
2026-01-01,NA,P200,CUST_037,1575.65,2149.92
2026-01-01,NA,P200,CUST_025,100.36,2101.86
2026-01-01,NA,P200,CUST_030,1408.38,2162.12
2026-01-01,EMEA,P100,CUST_001,1333.9,2323.99
2026-01-01,EMEA,P100,CUST_004,1176.21,2328.67
2026-01-01,EMEA,P100,CUST_005,3205.1,2405.96
2026-01-01,EMEA,P100,CUST_008,1062.62,2249.54
2026-01-01,EMEA,P100,CUST_009,1446.66,2375.96
2026-01-01,EMEA,P100,CUST_012,392.98,2350.85
2026-01-01,EMEA,P100,CUST_016,930.31,2393.15
2026-01-01,EMEA,P100,CUST_019,1384.51,2374.62
2026-01-01,EMEA,P100,CUST_020,2014.17,2308.62
2026-01-01,EMEA,P100,CUST_021,2894.0,2293.75
2026-01-01,EMEA,P100,CUST_023,374.32,2417.19
2026-01-01,EMEA,P100,CUST_024,111.61,2385.09
2026-01-01,EMEA,P100,CUST_025,2101.04,2356.7
2026-01-01,EMEA,P100,CUST_030,592.65,2309.38
2026-01-01,EMEA,P100,CUST_040,1485.84,2284.29
2026-01-01,EMEA,P100,CUST_032,197.8,2382.49
2026-01-01,EMEA,P100,CUST_022,1210.23,2361.24
2026-01-01,EMEA,P100,CUST_017,4096.07,2388.13
2026-01-01,EMEA,P200,CUST_001,1025.35,1933.86
2026-01-01,EMEA,P200,CUST_005,32.64,1978.46
2026-01-01,EMEA,P200,CUST_008,1376.34,1975.03
2026-01-01,EMEA,P200,CUST_009,844.64,1986.19
2026-01-01,EMEA,P200,CUST_012,661.18,2028.72
2026-01-01,EMEA,P200,CUST_016,41.65,1909.75
2026-01-01,EMEA,P200,CUST_019,326.95,1929.12
2026-01-01,EMEA,P200,CUST_020,987.3,2039.4
2026-01-01,EMEA,P200,CUST_021,448.34,2029.61
2026-01-01,EMEA,P200,CUST_023,421.59,2030.35
2026-01-01,EMEA,P200,CUST_024,812.59,2024.07
2026-01-01,EMEA,P200,CUST_025,1173.85,2114.0
2026-01-01,EMEA,P200,CUST_030,210.99,1981.48
2026-01-01,EMEA,P200,CUST_040,121.7,2056.61
2026-01-01,EMEA,P200,CUST_038,119.61,1992.69
2026-01-01,EMEA,P200,CUST_039,59.61,1949.03
2026-01-01,EMEA,P200,CUST_033,727.62,1944.28
2026-01-01,APAC,P100,CUST_007,483.09,2299.8
2026-01-01,APAC,P100,CUST_022,2719.77,2311.71
2026-01-01,APAC,P100,CUST_038,2202.01,2322.27
2026-01-01,APAC,P100,CUST_039,1863.16,2208.32
2026-01-01,APAC,P100,CUST_017,1442.45,2239.9
2026-01-01,APAC,P100,CUST_032,485.13,2284.28
2026-01-01,APAC,P100,CUST_025,3376.32,2277.88
2026-01-01,APAC,P200,CUST_007,3526.61,1968.8
2026-01-01,APAC,P200,CUST_022,773.58,1945.15
2026-01-01,APAC,P200,CUST_038,446.12,2084.54
2026-01-01,APAC,P200,CUST_006,3.68,1989.68
2026-01-01,APAC,P200,CUST_032,319.05,1976.16
2026-01-01,APAC,P200,CUST_011,227.23,2005.02
